id,cliente_id,produto_id,nota,comentario
1,2192,623,5,Nam itaque quis enim voluptas neque.
2,1626,162,5,Architecto excepturi libero blanditiis.
3,154,163,5,Ex sunt maiores unde amet nemo exercitationem eius.
4,2256,692,3,Accusamus sapiente harum quaerat.
5,1121,662,2,Debitis occaecati rerum amet iste.
6,234,695,4,Repellat nemo quae delectus dolor natus quod deserunt.
7,1636,778,2,Debitis corrupti fuga aspernatur ex a.
8,2544,344,4,Non cupiditate quae possimus voluptatum maiores numquam.
9,1624,694,5,Aliquam iusto eius cupiditate exercitationem ducimus eum.
10,1577,537,4,Aperiam sequi quam ipsa.
11,928,139,5,Repellendus quos doloribus maiores similique.
12,1470,884,5,Itaque consequuntur libero sint totam.
13,272,785,1,Atque repudiandae modi repudiandae dolorem velit.
14,2867,714,5,Similique perferendis inventore maxime.
15,2182,204,5,Sunt sapiente illo at.
16,978,460,1,Occaecati unde quasi totam nostrum.
17,509,54,2,Accusantium rem laboriosam molestias qui quis dolores.
18,282,82,4,Alias in cumque facilis aliquam dicta.
19,1952,383,3,Quos error accusamus vero excepturi.
20,298,386,3,Perspiciatis recusandae nisi vel.
21,2512,209,4,Cum vel id impedit repellat deserunt.
22,2891,197,2,Saepe inventore ipsa maiores eaque.
23,1160,415,1,Vel labore praesentium quas.
24,260,369,1,Facilis dolorum nostrum occaecati temporibus nulla.
25,739,393,3,Minus dignissimos architecto vero nam.
26,732,490,2,Cumque cupiditate amet quas et aperiam.
27,2386,840,4,Quia nesciunt praesentium dolores doloribus error velit.
28,2835,819,4,Aspernatur corrupti non omnis.
29,1382,434,5,Vel ut ipsam inventore accusantium corporis sed.
30,158,119,2,Quae modi mollitia officiis quisquam.
31,1989,814,2,Eaque cum eos molestiae doloribus iure excepturi.
32,1298,58,5,Sequi tenetur iure minima occaecati.
33,2442,413,1,Nisi modi nobis sit beatae.
34,2591,284,1,Iste voluptas quasi aut soluta sit voluptatibus.
35,1690,880,3,Quasi debitis error cupiditate.
36,218,137,2,Accusantium itaque illo saepe occaecati.
37,2641,166,5,Eos ducimus quos est nulla sequi fuga corporis.
38,420,151,2,Possimus neque qui officia fuga ipsa soluta.
39,617,383,5,Dolorem nesciunt cupiditate.
40,2224,791,3,Nihil mollitia deserunt occaecati in rem.
41,1889,782,5,Minus repellendus soluta nemo fugiat.
42,1399,500,5,Totam suscipit eaque inventore.
43,1587,247,2,Magni voluptatibus delectus.
44,2116,769,3,Eius odit exercitationem fugit dolore omnis eius.
45,2728,281,2,Neque perspiciatis distinctio.
46,261,177,5,Rem ducimus est cumque.
47,2771,315,2,Impedit quibusdam eum eum qui architecto.
48,27,952,5,Nesciunt aliquam nesciunt minima enim alias.
49,380,817,2,Sed sed dolorum amet.
50,369,795,5,Rerum adipisci libero eveniet veritatis illo quo dicta.
51,2231,279,2,Aliquam quisquam consequuntur.
52,2420,206,5,Facilis dolorum minima voluptatum sed delectus iusto totam.
53,945,371,3,Necessitatibus impedit quia minima saepe iusto veniam.
54,1470,105,2,Modi sit veniam veniam culpa rerum.
55,795,13,3,Explicabo sapiente sapiente.
56,2844,262,2,Totam consequatur quas in.
57,285,288,3,Iste excepturi eveniet aliquam minus non.
58,97,960,5,Deserunt possimus nihil nesciunt rem.
59,1169,119,4,Voluptas necessitatibus sint assumenda.
60,1111,56,1,Vitae sed sunt laboriosam aut perferendis provident.
61,1908,811,2,Rerum laborum aperiam quos cumque blanditiis molestias.
62,1507,714,4,Quam voluptatem delectus illo cum.
63,2170,298,1,Alias enim autem tempore doloribus.
64,2578,630,4,Corrupti reiciendis a cum saepe quisquam.
65,2486,809,2,Officia repudiandae quia cupiditate.
66,2639,761,3,Placeat aperiam repellat totam dolorem quia.
67,1225,305,4,Recusandae deleniti quibusdam vero natus.
68,1204,431,4,Tenetur quas ut cupiditate vero ea sequi.
69,2039,948,3,Quos iusto quos possimus delectus sit soluta.
70,1605,503,3,Minima exercitationem omnis.
71,2158,182,3,Expedita officiis eveniet cumque sapiente.
72,2949,413,4,Quaerat magnam iste veniam possimus placeat.
73,2938,754,4,Repellat aperiam tenetur ipsam aspernatur architecto.
74,407,990,2,Reiciendis temporibus distinctio illo eos.
75,2907,302,2,Accusamus explicabo autem ab minus in.
76,1404,547,2,Quis sit a enim ad modi.
77,595,611,3,Inventore autem fuga deserunt dolorem sint.
78,1891,77,1,Aspernatur distinctio nostrum delectus voluptates optio rem.
79,2395,266,2,Voluptatem quas dolor.
80,643,191,1,Quia nisi sapiente autem repellendus quo molestias nam.
81,1248,630,5,Tempore esse iusto itaque quo optio.
82,329,345,1,Iste eaque tempore nihil nisi repellat explicabo iste.
83,947,123,1,Odit totam mollitia sed.
84,2882,302,1,Nostrum quis rem aut libero quod quibusdam amet.
85,1780,388,2,Sit aliquid est eveniet minima.
86,1302,852,4,Temporibus libero impedit similique quas.
87,1562,631,3,Quas numquam aspernatur adipisci natus.
88,2690,646,1,Architecto non cum provident tempora doloremque animi.
89,372,496,1,Mollitia placeat porro pariatur sapiente nesciunt id.
90,684,263,1,Aut enim numquam soluta iste corrupti.
91,1256,71,1,Libero aspernatur neque saepe.
92,472,896,3,Magnam aliquam eligendi dolorem sed labore exercitationem.
93,404,732,3,Ad harum et eligendi.
94,569,642,5,Magnam quae ea aspernatur.
95,580,427,2,Deleniti neque magnam modi distinctio.
96,908,371,4,Modi facilis omnis praesentium deleniti.
97,2978,630,1,Quos sequi voluptatibus iste.
98,1226,716,3,Voluptate odio occaecati labore architecto ducimus tenetur.
99,442,914,1,Eos aperiam sapiente dolores.
100,563,140,5,Ipsa atque alias molestias necessitatibus quas.
101,2511,382,4,Id accusamus quos minima modi laboriosam nemo.
102,2245,79,2,Optio magni voluptatibus vel provident.
103,2331,958,1,Voluptatum nostrum excepturi.
104,919,984,2,Nobis quibusdam unde illum.
105,2870,144,2,Quas aliquid omnis tenetur.
106,1530,536,1,Impedit molestiae facere maxime beatae neque eaque quam.
107,1767,844,5,Nulla mollitia at.
108,580,137,2,Quod a ratione culpa dolores.
109,1194,356,5,Et fugiat omnis at quis odio esse.
110,792,923,4,Cumque aperiam ut aliquid.
111,1014,153,3,Explicabo nulla qui quisquam.
112,2532,58,3,Maiores ex dicta quibusdam reiciendis rem.
113,190,890,5,Quo quasi assumenda quidem cumque.
114,1113,977,2,Modi recusandae esse id debitis.
115,2562,93,4,Ut quasi dolor quam quisquam.
116,638,928,5,Ipsum sed provident ipsam.
117,557,954,1,Amet occaecati tenetur nesciunt a.
118,751,839,2,Adipisci labore maiores magni.
119,1173,166,4,Modi corporis quae sed maxime itaque.
120,2257,989,4,Vel animi consequuntur minus.
121,1166,661,4,Qui magnam nobis ad eligendi tempore explicabo.
122,2767,167,3,Possimus maxime sit distinctio enim.
123,2313,963,3,Similique beatae recusandae aut.
124,1539,336,3,Ea ab excepturi sit excepturi expedita veritatis.
125,1274,33,4,Aut nesciunt incidunt nesciunt.
126,1382,990,5,Iusto omnis itaque eum.
127,2484,991,5,Necessitatibus nemo doloremque facere unde.
128,555,519,2,Impedit iure inventore nemo.
129,1500,48,4,Sequi deserunt molestiae.
130,1970,573,1,Ipsam enim harum nulla maxime vitae.
131,1525,6,2,Laudantium ipsum soluta nisi magni.
132,1650,879,2,Eum quisquam tempora.
133,822,732,2,Quam soluta optio.
134,2447,877,5,Repudiandae illo dolorem itaque earum.
135,1996,493,4,Aperiam aspernatur ipsam tenetur culpa deleniti.
136,820,512,3,Ducimus esse doloribus voluptatibus occaecati.
137,1236,435,3,Enim harum vero est fuga odio culpa.
138,60,555,5,Dolore quibusdam non suscipit excepturi.
139,2122,340,4,Cumque blanditiis deserunt illum nesciunt aperiam hic.
140,286,805,2,Nisi minus accusamus aperiam adipisci voluptatibus.
141,989,979,3,Possimus aliquam ducimus alias.
142,2704,455,1,Vitae quaerat vel sed.
143,980,638,4,Velit rerum distinctio perspiciatis explicabo laboriosam molestias.
144,1308,208,3,Accusamus distinctio earum quo quod cum iste.
145,1410,111,3,Minus ratione pariatur fuga quas.
146,1394,815,1,Officia quaerat pariatur earum quae voluptatibus minima.
147,1746,145,2,Perferendis quas accusantium aperiam deserunt.
148,2898,879,2,Aut ipsam eos recusandae facilis quia.
149,1780,949,2,Minima et tempora aliquid a earum ducimus.
150,2498,235,1,Cum est commodi esse debitis molestiae.
151,1619,602,4,Minima corporis repellendus dolore quos molestiae perferendis.
152,2930,142,4,Sequi blanditiis neque nulla.
153,1409,262,3,Sunt quidem magnam rerum.
154,2722,220,4,Qui eum quia eligendi ratione deserunt quis.
155,651,205,5,In praesentium dolores debitis ipsum laborum similique earum.
156,2700,815,3,Mollitia cupiditate nesciunt nihil incidunt.
157,1270,26,4,Accusantium explicabo cum voluptatem vel.
158,26,379,5,Ullam nostrum enim sit perferendis iure.
159,2910,304,5,Temporibus neque aliquam accusamus.
160,2871,815,1,Dolorem atque ipsa quos.
161,223,855,3,Inventore eos est exercitationem.
162,2248,493,2,Sapiente recusandae illum tempore aspernatur rerum.
163,722,708,3,Sequi excepturi enim laboriosam corrupti inventore maiores at.
164,1793,444,1,Ipsam quam rem doloribus amet.
165,2889,973,2,Neque eligendi eum animi labore.
166,611,947,1,Sit placeat veritatis perspiciatis.
167,2027,787,5,Id debitis harum error error aperiam.
168,1409,973,1,Magni exercitationem iste labore.
169,2897,748,2,Aperiam minus itaque quibusdam ratione consectetur.
170,2371,738,5,Provident odit fugit occaecati dicta.
171,1125,584,1,Sapiente minima ullam.
172,2756,896,5,Aut a natus.
173,1206,303,1,Beatae porro error sed facere.
174,787,641,5,Fugiat sed in corporis.
175,437,197,2,Nobis eligendi porro asperiores omnis quasi minima temporibus.
176,607,972,2,Occaecati ab ex labore adipisci magni dolorem.
177,1424,768,5,Quis perferendis atque velit.
178,2162,68,4,Voluptas quasi enim placeat quis autem.
179,1922,105,4,Fugiat ex libero voluptatem totam.
180,2556,991,4,Sunt dicta cumque totam eum quidem aliquam sapiente.
181,1274,497,2,Sapiente perferendis rerum quia rerum placeat in.
182,1007,405,5,Quia voluptatum sint dignissimos velit similique.
183,1508,156,5,Ullam nostrum veritatis officia omnis fugiat voluptates libero.
184,1403,545,4,Vel iste quos rem dolorum repellendus.
185,1472,613,5,Quis deleniti recusandae voluptas cum.
186,380,335,2,Enim nesciunt veniam consequuntur voluptate dolorum.
187,2974,1000,1,Soluta dolores doloribus ad ullam.
188,2000,120,5,Aspernatur animi laboriosam asperiores.
189,1353,933,5,Eligendi fugiat illum deserunt ullam consectetur rem.
190,2966,999,5,Officiis explicabo adipisci magni maiores pariatur.
191,1416,376,4,Molestiae vero praesentium.
192,2446,502,5,Velit quisquam rerum iure adipisci recusandae.
193,322,612,1,Ullam quibusdam quos quis sit.
194,2863,616,5,Accusamus qui dicta sapiente.
195,705,413,2,Ut distinctio adipisci omnis facere deleniti.
196,2415,3,1,Beatae vero voluptates exercitationem.
197,951,486,5,Quibusdam ratione porro laudantium dignissimos necessitatibus.
198,2395,629,5,Illo voluptate veniam consequatur.
199,458,140,3,Ullam necessitatibus officiis dolorem nisi magni.
200,2954,775,1,Nostrum officiis facilis facilis molestiae velit laudantium.
201,2969,670,4,Placeat incidunt voluptatem libero debitis.
202,792,88,5,Fuga fugiat saepe eligendi quo quidem.
203,858,672,4,Culpa doloremque iure quia illum corrupti rem unde.
204,763,41,4,Architecto occaecati consequatur doloremque provident quisquam.
205,2367,958,2,Iste nam placeat nihil ipsum recusandae.
206,185,91,4,Adipisci labore praesentium neque ipsam voluptas.
207,1838,973,3,Quaerat numquam est.
208,1583,446,5,Saepe dolorem est eius.
209,2786,589,5,A maxime nemo magnam velit.
210,1163,508,4,Eos reiciendis nihil distinctio iusto in.
211,2534,566,5,Fugiat accusantium vitae sit facere quas iure.
212,2618,220,5,Mollitia amet delectus fugit sit necessitatibus omnis.
213,1241,635,5,Tempora temporibus quis.
214,861,376,3,Voluptatem inventore aut architecto.
215,155,529,3,Vero enim architecto magnam facere ad repellat.
216,1526,950,1,Quo omnis ducimus iure voluptate.
217,2984,337,3,Porro molestiae maiores.
218,2650,601,1,Dolorem praesentium quasi vitae.
219,2029,564,1,Sunt earum voluptatibus.
220,2175,382,3,Reprehenderit architecto quisquam tempora at quae a quisquam.
221,462,563,3,Eum saepe repellat nihil impedit possimus.
222,29,14,5,Consequuntur laborum impedit non praesentium maiores debitis.
223,1119,512,4,Sint id aut consectetur.
224,1155,273,1,Eveniet ullam id optio dolorum aliquid beatae.
225,2851,763,2,Odio beatae dignissimos omnis corrupti rerum corporis.
226,1571,472,5,Autem sequi architecto.
227,2657,161,2,Occaecati debitis in hic sapiente tenetur laborum veritatis.
228,1965,772,1,Quod inventore consequatur eum laudantium.
229,1128,46,5,Fuga hic magnam dolorem sint.
230,1261,77,3,Aperiam recusandae nam.
231,1892,615,3,Et aliquam necessitatibus.
232,552,430,4,Quod quasi temporibus quaerat expedita dicta.
233,831,327,4,Sapiente eaque in.
234,2873,872,4,Cum iste corporis.
235,598,692,5,Suscipit cumque delectus iste ea neque id ullam.
236,152,699,5,Eveniet quas ea natus ipsam dolor perferendis.
237,2227,333,2,Quis saepe modi fugiat quibusdam qui.
238,2202,953,2,Laborum porro sit.
239,1564,634,2,Nulla quam ipsam in placeat saepe occaecati esse.
240,2569,855,1,Dolor velit eos a ipsam alias delectus.
241,806,883,2,Nemo similique non sapiente.
242,2839,895,2,Consequatur recusandae autem explicabo.
243,2264,923,5,Praesentium dignissimos illo ducimus nesciunt cupiditate recusandae.
244,2141,644,5,Quas nihil sint.
245,1896,805,4,Exercitationem necessitatibus consequuntur ipsa voluptas debitis earum.
246,244,325,3,Pariatur ea dolore nam.
247,2575,861,4,Impedit maxime ipsam voluptates earum.
248,881,820,5,Illum aliquam accusamus.
249,1021,5,1,Culpa delectus recusandae ea provident.
250,2858,706,4,Laborum vel eos laudantium aut.
251,226,934,1,Aliquam assumenda sunt perspiciatis impedit nemo maiores.
252,2462,792,5,Maxime amet incidunt sequi debitis fugiat similique.
253,1341,100,3,Sit reiciendis deserunt blanditiis.
254,1560,598,5,Voluptatem doloremque possimus animi.
255,2583,397,4,Repudiandae numquam voluptatum harum.
256,269,823,2,Eveniet praesentium maxime nemo.
257,2743,897,3,Non dolores facilis rerum sapiente necessitatibus eveniet.
258,779,710,5,Molestias deleniti veritatis pariatur quas.
259,1736,406,1,Odio eveniet labore quis placeat totam veritatis maiores.
260,2455,332,4,Necessitatibus cupiditate pariatur earum cumque.
261,1914,330,3,Quia asperiores corrupti quis laboriosam vero tempora reiciendis.
262,2614,156,3,Fuga esse porro quam.
263,1386,701,2,Earum fugit atque provident unde.
264,1700,542,1,Veniam nesciunt fuga dicta voluptate fugiat.
265,860,753,1,Debitis magni architecto facere voluptates inventore occaecati.
266,2323,930,5,Sapiente dolorem illo praesentium quibusdam ut quo.
267,456,624,1,Iusto quo eveniet eveniet.
268,1862,796,3,Mollitia perspiciatis iste dolores.
269,724,575,2,Porro distinctio veniam sed fugit.
270,2721,892,1,Recusandae similique esse est aspernatur alias voluptatum.
271,2713,708,2,Nobis error animi commodi dicta.
272,2161,433,5,Voluptates quos quaerat ipsa expedita.
273,1497,334,4,Velit voluptates error rem totam debitis inventore.
274,1762,423,2,Dignissimos nisi rem magnam eos saepe dolorum.
275,250,470,3,Voluptatum odio unde impedit.
276,1633,128,2,Dolorem ratione occaecati aliquam libero molestiae placeat aliquid.
277,1313,736,5,Vitae animi error amet modi quam dolorum nostrum.
278,2805,9,3,Pariatur sapiente facere necessitatibus ducimus.
279,1444,446,1,Quos totam molestias tempore.
280,61,601,2,Dolore asperiores sunt quibusdam neque.
281,2527,995,5,Modi labore adipisci porro placeat laboriosam.
282,2318,291,5,Blanditiis deserunt voluptatibus explicabo.
283,225,285,4,Tempora provident qui placeat sint.
284,2429,862,3,Necessitatibus eum animi itaque ad.
285,2175,663,3,Quia amet perspiciatis cupiditate.
286,566,755,3,At aliquam expedita quisquam aliquam.
287,2271,337,5,Unde minus dignissimos sunt quidem in corporis eligendi.
288,2648,134,5,Animi iusto velit ducimus rerum quasi.
289,2236,662,3,Rerum expedita cumque impedit rem.
290,2669,89,1,Provident inventore sapiente voluptatibus officiis.
291,255,359,5,Eius et enim nihil nobis itaque reprehenderit.
292,1809,278,1,A praesentium sunt eius eius ad aliquid.
293,2505,321,1,Officiis iure nobis repellendus incidunt.
294,2015,932,3,Ratione saepe totam vel ex amet accusamus dolor.
295,1267,742,2,Ut distinctio saepe amet.
296,1321,194,4,Asperiores incidunt fugiat.
297,2436,603,5,Minus eveniet deleniti iste hic quisquam.
298,2304,752,5,Veritatis nam quibusdam sit ducimus dolores.
299,2302,535,2,Inventore animi rerum distinctio.
300,673,516,3,Debitis nam non quae.
301,308,977,2,Omnis laboriosam blanditiis architecto.
302,1874,615,3,Explicabo facilis neque quibusdam nulla voluptatum esse.
303,891,706,4,Excepturi nemo modi amet.
304,2572,169,3,Quaerat impedit dolore.
305,1854,321,5,Incidunt libero magni provident hic.
306,1991,202,3,Sit reiciendis et omnis quaerat quisquam.
307,234,28,3,Porro at minus expedita eligendi molestiae vitae.
308,2427,529,2,Dicta exercitationem saepe tenetur blanditiis ex.
309,850,617,4,Velit perspiciatis ut ducimus nisi.
310,2610,521,1,Esse nemo explicabo accusantium debitis modi delectus.
311,2808,8,5,Modi velit dolores.
312,1500,606,3,Ex maxime sunt possimus neque consectetur.
313,1023,750,1,Doloremque quas quas.
314,2386,369,2,Voluptatum temporibus dolore illo nesciunt rerum architecto.
315,2386,682,3,Corporis a eligendi doloribus et aspernatur omnis commodi.
316,2277,879,4,Doloribus labore delectus et enim.
317,216,659,1,Beatae facere hic numquam et neque beatae.
318,1840,901,4,Accusantium nam natus id amet beatae odit.
319,1496,835,5,Sit maiores explicabo.
320,154,48,4,Eum nihil laborum est maxime.
321,157,409,3,Quisquam quas fugiat saepe ratione.
322,1629,63,3,Deleniti iure eius at error atque veritatis.
323,610,119,1,Esse similique sequi ut repellendus.
324,2010,466,2,Temporibus magni eligendi molestias unde tempora quasi.
325,680,991,4,Repellat expedita ex aperiam.
326,211,291,2,Ea quidem laborum provident beatae illo earum.
327,1967,147,2,Nisi rerum nemo sunt.
328,452,86,3,Laborum illo nostrum explicabo minus molestiae.
329,1109,820,1,Assumenda tempora repellendus blanditiis repellendus eum.
330,493,535,1,Odit fuga eos adipisci aspernatur tempora minima.
331,1557,192,2,Eius dolores ab quia pariatur.
332,2431,345,5,Modi impedit laboriosam ab mollitia tenetur.
333,577,360,4,Maiores nemo fuga nesciunt quas corrupti distinctio.
334,2411,602,1,Possimus nostrum ipsa iusto dignissimos alias aspernatur.
335,1336,181,3,Odit veniam soluta nemo soluta blanditiis.
336,1911,354,4,Et occaecati provident odio eaque.
337,762,448,5,Nobis ad praesentium nobis.
338,113,863,3,Illo eos id quos qui magni facere.
339,1299,508,2,Quas tempora ipsum.
340,1078,898,1,Eos impedit sapiente quibusdam magnam ea.
341,217,747,5,Recusandae qui quidem esse beatae.
342,878,59,5,Dolorem quas amet labore voluptas.
343,666,439,3,Harum reiciendis eum distinctio saepe autem iure.
344,1536,646,2,Ratione tempora veniam dolorem error ad sunt.
345,2993,84,1,Dolorem consequuntur iure itaque voluptates iste.
346,1184,855,4,Alias consequatur sequi illo.
347,533,513,3,Nisi earum ab libero quibusdam maxime distinctio adipisci.
348,2332,640,4,Aliquid officia error beatae consequatur.
349,2366,637,5,Asperiores quibusdam reiciendis dicta repellat.
350,396,653,5,Amet unde illum iure suscipit.
351,886,392,1,Atque suscipit asperiores corrupti reiciendis possimus.
352,1016,807,2,Iste delectus harum eligendi.
353,2418,229,2,Fugiat itaque quod eos.
354,2583,391,2,Nemo autem unde quasi.
355,1915,107,1,Quae libero dignissimos.
356,1560,83,5,Voluptates natus laboriosam.
357,534,361,4,In assumenda atque veritatis.
358,607,714,4,Mollitia asperiores explicabo magnam eligendi.
359,2951,738,5,Velit similique amet tempora.
360,1218,621,5,Non facilis reprehenderit non.
361,771,372,1,Expedita eum facilis ad.
362,2273,376,5,Provident vero eligendi quidem eveniet eaque reprehenderit blanditiis.
363,394,108,4,Aspernatur sunt quis ad tempore nobis iste ut.
364,1970,702,1,Explicabo doloremque neque harum facere ut ducimus.
365,2937,884,2,Dicta nam aut labore nesciunt.
366,1238,89,4,Fugiat provident ipsum accusantium maxime minus.
367,2042,634,1,Doloremque porro doloremque numquam molestiae reprehenderit.
368,2719,520,4,Voluptate itaque repellendus nobis nisi deleniti praesentium.
369,38,688,2,Vero eius veniam qui voluptate vero.
370,2796,166,3,Beatae nam dignissimos neque voluptatibus.
371,1231,616,3,Assumenda pariatur debitis sit praesentium assumenda.
372,2294,558,3,Provident consequuntur dicta.
373,1396,977,2,Ullam iure quis deserunt saepe.
374,817,166,2,Soluta illum excepturi autem ipsa neque dicta.
375,1165,629,1,Temporibus veniam cumque in occaecati earum perferendis.
376,1054,27,1,Vel tempora et dolore odio maiores enim et.
377,179,720,1,Minima maiores voluptate accusamus iste tenetur.
378,52,201,3,Maiores odio neque accusamus.
379,2655,12,5,Voluptatum saepe dolorem iste.
380,1230,749,5,Reiciendis in rerum minus deleniti esse.
381,228,806,2,Voluptatibus maxime doloremque tempora libero animi corrupti.
382,2146,344,3,Incidunt perferendis earum minima suscipit.
383,2876,324,5,Repellendus tempore officiis.
384,118,138,5,Accusantium eveniet porro quos corrupti ut.
385,2214,64,2,Provident quo ab nesciunt.
386,2131,467,4,Ab sequi atque voluptates ratione.
387,1373,586,3,Ratione sint non aperiam vel commodi.
388,68,244,2,Aliquam ratione ipsum.
389,1795,714,3,Dolore exercitationem pariatur voluptatem veritatis nostrum.
390,2578,541,3,Perspiciatis ipsum architecto distinctio eveniet illo mollitia.
391,2173,883,5,Atque magnam non alias laudantium veniam.
392,2107,370,1,Eius doloribus veritatis provident suscipit.
393,1573,62,5,Nostrum quis debitis alias voluptatem explicabo cumque.
394,2550,332,1,Velit ipsum magnam aliquid.
395,807,927,4,Possimus quos voluptate laborum neque.
396,2733,689,1,Rerum eligendi fuga nihil quas pariatur.
397,2717,681,2,A delectus deserunt libero dolorum est voluptatibus.
398,2636,724,2,Blanditiis est illum nobis incidunt recusandae ducimus.
399,2926,51,2,Quaerat adipisci laborum temporibus maxime.
400,820,590,4,Qui velit porro ex architecto.
401,1246,961,5,Soluta doloremque ullam commodi.
402,992,393,5,Quam dolorum eum quo repudiandae.
403,1839,320,3,Voluptatem iusto at cum libero.
404,2396,833,5,Sequi necessitatibus esse.
405,1340,327,3,Iusto ipsum dolorem non praesentium magnam.
406,2421,706,3,Animi cupiditate quae ipsa inventore.
407,1907,884,5,Asperiores eaque quo ut.
408,431,462,4,Laboriosam in quae asperiores qui aperiam vitae nulla.
409,2943,538,4,Labore sit non consequatur deserunt.
410,837,678,3,Autem quaerat distinctio harum repellat pariatur.
411,2348,103,4,Ut a sunt perspiciatis debitis.
412,1004,896,2,Earum autem nobis eaque voluptas eos ipsum.
413,1498,340,1,Quae velit cum voluptate voluptates.
414,2056,727,1,Repudiandae incidunt eligendi quia voluptas consequatur.
415,1142,124,5,Praesentium dolorum non praesentium eos officiis.
416,2728,563,2,Tempora ut voluptatum dolor ipsa nemo ex.
417,2438,933,1,Architecto necessitatibus similique hic provident.
418,2827,57,1,Debitis sit aperiam minima necessitatibus nihil non.
419,2905,30,2,Porro error laudantium possimus.
420,1984,532,4,Harum nihil aut pariatur nostrum nihil.
421,991,140,4,Eius eaque at omnis rerum.
422,2204,852,4,Culpa nemo fugiat totam.
423,2856,1000,5,Iste molestiae omnis ducimus dicta.
424,2384,760,5,Fuga qui nihil voluptatem.
425,1660,925,3,Sequi explicabo distinctio animi at vitae iusto.
426,2386,399,2,Repellendus quaerat consectetur molestiae adipisci laborum.
427,1356,768,1,Commodi possimus voluptatem necessitatibus deleniti numquam reprehenderit.
428,2027,226,5,Perspiciatis praesentium commodi dolorum facilis magnam.
429,408,301,1,Ab at aliquam eligendi voluptatibus.
430,2316,513,5,Maxime est debitis.
431,2508,252,4,Alias iste enim nihil mollitia repellendus numquam asperiores.
432,1377,643,2,Veniam voluptatibus earum consequatur.
433,1245,507,4,Velit accusamus corrupti deleniti ab laudantium suscipit placeat.
434,1505,674,2,Eum quae provident ipsam repudiandae.
435,703,411,2,Architecto rem veniam perspiciatis.
436,2700,409,2,Enim ad dignissimos fugit pariatur.
437,917,447,1,Quasi eum alias pariatur ducimus culpa voluptatem.
438,840,660,4,Tempora non sunt eos dicta ab illum est.
439,2049,663,2,Assumenda totam rerum optio.
440,2310,662,3,Tempore molestiae consequuntur molestias.
441,2310,105,4,At error esse dolorem itaque rem odit.
442,639,772,3,Facilis deserunt vel exercitationem.
443,796,941,3,At porro reiciendis hic eaque quisquam.
444,792,384,2,Ratione sed voluptates reprehenderit animi.
445,2460,402,1,Vel saepe enim officiis reiciendis impedit corporis.
446,2696,840,2,Blanditiis voluptatum quas consequatur magni repellendus.
447,2536,435,5,Rerum veniam veniam voluptatem reiciendis maiores.
448,1140,481,4,Tempora alias commodi ratione dolore.
449,2110,354,4,Iure ipsa quod.
450,1053,760,2,Veritatis eaque dolore.
451,2890,717,2,Velit officia harum libero ea.
452,1007,561,3,Excepturi quisquam quaerat commodi labore ut dolore.
453,384,245,3,Facere dolorum provident nihil.
454,2675,64,3,Ut excepturi tempore maiores earum excepturi.
455,2360,63,4,Laboriosam officia sapiente quas velit sint doloribus corrupti.
456,885,165,3,Minima inventore repellat numquam.
457,1719,644,5,Sint tenetur facere inventore corrupti perferendis.
458,2904,292,5,Quis aliquam ratione quasi fuga similique.
459,296,452,5,Hic ducimus quia recusandae corporis odit ad.
460,2266,146,5,Laborum assumenda iste earum iure iure.
461,337,427,1,Id delectus at magnam.
462,248,155,1,Sed a accusamus libero nulla animi omnis.
463,1934,326,1,Dolores ratione fugiat distinctio.
464,941,968,5,Amet repudiandae vel.
465,1167,135,2,Dolorum magni totam praesentium qui vero.
466,2263,963,4,Nisi quo provident iure cumque possimus perferendis.
467,1119,292,3,Reiciendis nesciunt iusto soluta debitis quasi eos voluptatibus.
468,2741,148,4,Ex optio similique architecto assumenda veritatis soluta nobis.
469,1754,501,5,Pariatur consequatur consectetur laboriosam voluptate eligendi nesciunt.
470,1350,519,4,Officiis praesentium quidem non alias qui distinctio et.
471,481,485,2,Sequi voluptatibus esse aspernatur ex voluptatum.
472,2081,693,2,Vero deserunt iusto impedit praesentium illum.
473,2276,323,2,Sapiente recusandae culpa natus pariatur explicabo.
474,2258,318,2,Odio minus nostrum perspiciatis.
475,2036,892,2,Occaecati porro ab beatae delectus nobis.
476,2698,20,5,Veniam corrupti earum.
477,2835,443,3,Officia debitis ducimus.
478,11,646,5,Suscipit magni iusto excepturi optio unde ipsum rem.
479,2877,364,4,Sint soluta dolore odio soluta explicabo.
480,2895,336,1,Qui voluptates facilis rem deserunt iure ipsa omnis.
481,2495,341,5,Natus corporis repellat veritatis ea.
482,2513,37,5,Minus nam commodi nihil distinctio quasi.
483,2220,91,2,Ut quasi saepe dolores.
484,1452,213,5,Totam at dolorem unde accusamus doloremque commodi mollitia.
485,909,611,5,Omnis mollitia magni illum dignissimos placeat.
486,2892,679,1,Unde ipsam vel totam.
487,2280,700,1,Itaque odio eum quasi commodi necessitatibus.
488,577,287,1,Sapiente debitis officia sed facere velit.
489,2278,704,2,Eos dicta nobis nobis asperiores.
490,2677,21,3,Illum provident in aliquid recusandae ducimus velit.
491,2012,61,4,Voluptatum eaque expedita quidem repudiandae repudiandae nobis.
492,1068,335,3,Et eos dicta perferendis.
493,2962,503,5,Ipsum eligendi tempore.
494,1962,17,1,Dolorum recusandae cum aperiam cumque.
495,1661,644,3,Voluptas magnam soluta commodi.
496,1002,484,4,Ducimus maiores quod veniam suscipit facere.
497,567,496,4,Animi eos facilis facilis odit voluptatum a.
498,2918,946,3,Rerum saepe magni itaque magnam laborum aliquam.
499,385,53,2,Id corporis nobis id ut iure fugit.
500,2860,974,2,Neque ut occaecati delectus tenetur corrupti.
501,2946,138,5,Cumque excepturi amet.
502,1977,791,1,Sapiente sint ut sed.
503,1967,713,2,Dolore rem labore.
504,2100,7,5,Eum adipisci officiis tempora.
505,2306,165,1,Iste eligendi quasi corporis ipsum vel facere.
506,2680,34,4,Labore quod facilis praesentium distinctio.
507,2488,994,3,Modi sequi ratione eius impedit ratione.
508,704,160,1,Quae facilis a beatae id.
509,43,962,2,Commodi quis at vitae aspernatur odit.
510,1411,262,4,Dolorem dolore molestias pariatur eveniet.
511,211,324,3,Nulla reiciendis sunt eligendi quia iste.
512,1191,952,2,Eaque quaerat exercitationem tenetur labore aperiam soluta.
513,2131,906,5,Corporis deserunt nihil enim hic.
514,902,863,3,Culpa accusamus labore sit.
515,1606,264,5,Veniam distinctio similique.
516,1968,451,2,Eum quasi fuga sequi voluptate maxime esse.
517,1118,136,5,Blanditiis est temporibus minima aperiam quidem.
518,2202,166,5,Alias omnis quibusdam asperiores illo.
519,2516,501,1,Facere fugiat reprehenderit exercitationem rerum amet.
520,2992,88,3,Officia delectus beatae nostrum doloribus fugit.
521,2622,714,3,Voluptas esse aliquam labore ullam.
522,661,300,3,Alias id assumenda totam inventore.
523,2430,446,5,Pariatur accusamus sequi voluptates beatae accusantium ratione reprehenderit.
524,2016,698,1,Soluta neque ipsa minus.
525,1704,743,3,Aperiam quae numquam quas.
526,1756,463,1,Delectus odit quis molestias.
527,965,866,3,Magnam veritatis rerum optio.
528,1027,177,4,Sit tempora voluptates dicta culpa ea omnis.
529,929,858,4,Similique atque dolorum distinctio.
530,2294,985,1,Maiores deserunt accusantium vitae.
531,2775,184,2,Mollitia iusto excepturi perspiciatis nobis.
532,150,495,4,Nulla accusamus facere repellat animi corrupti.
533,2330,188,5,Impedit fuga eaque quibusdam.
534,2033,863,1,Magni iste officia dolorem fugiat ducimus.
535,2531,658,2,Cum eius consequuntur minima asperiores maxime.
536,1711,990,4,Aut repudiandae dicta fugiat error autem.
537,1487,109,5,Sit deleniti beatae architecto at qui assumenda.
538,2348,218,4,Sequi temporibus repellat voluptate voluptates corporis.
539,1366,310,2,Molestias ab earum inventore veritatis.
540,576,415,3,Atque corporis accusantium illo.
541,855,489,4,Amet quasi commodi quo.
542,604,705,5,Consequatur ut ipsam est illum.
543,2394,140,5,Quasi blanditiis ipsa tenetur vel distinctio.
544,276,116,5,Porro fuga voluptate illo quisquam fugit reiciendis.
545,336,755,2,Similique consequuntur nulla.
546,988,765,4,Impedit eos autem atque esse porro illo.
547,79,580,1,Alias perspiciatis exercitationem fugiat.
548,2879,58,2,Sit similique illum quae.
549,2129,283,1,Facere occaecati qui molestias nostrum facere veniam alias.
550,1454,209,3,Dicta quisquam sapiente incidunt doloribus occaecati facilis.
551,2072,606,1,Quidem nemo placeat aliquid eaque.
552,1157,220,3,Iste consectetur culpa dignissimos fuga ratione enim.
553,2826,516,5,Odit dicta modi delectus praesentium cupiditate magnam voluptatem.
554,2112,328,5,Amet sit numquam quibusdam ut.
555,1177,649,4,Consequatur neque nisi ducimus dolores.
556,1277,747,5,Ea at iusto fugit culpa vitae recusandae.
557,2033,913,4,Ducimus consequuntur quae distinctio itaque.
558,1909,508,2,Labore quae eum temporibus modi unde animi.
559,748,280,1,Ipsa doloremque provident veritatis iste velit voluptatum suscipit.
560,2644,62,4,Vero eveniet quod illum unde.
561,762,754,4,Necessitatibus rem accusantium possimus.
562,1786,218,2,Fugiat consequatur cupiditate exercitationem alias.
563,1225,679,2,Quibusdam fugit nihil est ratione alias debitis explicabo.
564,2797,170,5,Autem quas deserunt ab accusantium.
565,832,738,5,Repudiandae sed sint eaque ipsam.
566,850,712,5,Facere officiis impedit.
567,1451,238,3,Enim sint aut minus rerum nulla.
568,2066,845,4,Dolor amet earum quibusdam quia illo.
569,1407,211,4,Ex iste tempore distinctio dignissimos alias quis consectetur.
570,1789,814,5,Ipsam a iste placeat delectus ab alias reprehenderit.
571,2034,262,1,Explicabo unde quam sequi velit quos blanditiis debitis.
572,2328,165,5,Asperiores ea eum vel vero ipsam harum.
573,763,186,5,Alias officiis quasi reprehenderit rerum eius odit.
574,2877,158,5,Consequatur nam aut consectetur deserunt qui laudantium sed.
575,2120,459,1,Minus corrupti quod maiores.
576,1168,566,4,Magni odit labore.
577,1772,729,2,Incidunt voluptatibus iste repudiandae.
578,1629,196,5,Maxime voluptatibus porro.
579,2033,409,1,Non similique laborum in.
580,2060,810,2,Consectetur nam dolorem fugit.
581,1007,991,3,Sit ea nesciunt corrupti deleniti quia.
582,478,793,2,Nemo quae placeat illo.
583,445,345,5,Nostrum saepe enim ea hic.
584,2866,338,3,Doloremque officiis modi necessitatibus sit in.
585,1682,487,3,Ducimus dolorem quidem ipsum rerum.
586,1186,221,5,Beatae totam reprehenderit debitis cum saepe inventore.
587,2364,810,2,Explicabo iusto aperiam ullam similique eveniet.
588,835,482,1,Doloribus sequi laborum quis doloremque.
589,1503,523,1,Molestias assumenda dignissimos debitis saepe aut.
590,2260,606,3,Cum vero necessitatibus maxime magnam aspernatur totam animi.
591,469,368,4,Reiciendis suscipit veniam quod soluta a.
592,1843,971,1,Ducimus laborum beatae exercitationem ab.
593,2446,720,3,Quia nulla quam aperiam.
594,1623,549,5,Occaecati repudiandae beatae et ipsum porro.
595,946,264,2,Perspiciatis quibusdam enim similique adipisci laudantium officia natus.
596,2639,972,1,Numquam aut natus ullam.
597,2333,413,1,Ipsa similique sint ex fugit et aspernatur.
598,1475,477,5,Aliquam fugiat veniam dolore dolor itaque voluptas.
599,538,519,4,Nobis atque doloremque consectetur ea iure.
600,2132,344,2,Ullam consequuntur assumenda in odio perspiciatis.
601,1350,977,3,Sapiente ipsum provident quos.
602,409,109,2,Nulla libero hic facere ducimus rerum eligendi.
603,559,484,3,Beatae alias soluta labore quae sint.
604,375,124,4,Voluptatem pariatur nam temporibus sunt nam eius.
605,1872,950,5,Ipsa culpa blanditiis sint accusantium reiciendis.
606,2510,38,1,Corrupti fugiat voluptatem repellendus dolorem qui ipsa.
607,1728,566,5,Optio mollitia fugit nobis labore quibusdam cum.
608,1728,159,2,Ipsam neque dicta laudantium in.
609,2703,527,5,Aliquid soluta tempore eaque accusantium quis placeat veniam.
610,2328,448,5,Earum atque laborum assumenda nam fugit.
611,2706,490,5,Quas dicta ea molestias eveniet non.
612,489,602,3,Velit blanditiis mollitia necessitatibus animi vero accusamus.
613,303,436,5,Magni a nisi unde facere quod dolor.
614,2198,675,2,Temporibus iure aliquid occaecati similique maiores illo.
615,2551,46,5,Voluptatem porro consequatur sit quia.
616,1650,681,4,Pariatur dolore pariatur dolor dolore.
617,1528,599,5,Aspernatur occaecati consequatur incidunt vitae vitae quibusdam alias.
618,1753,494,3,Tenetur accusantium odit atque beatae repellat.
619,1849,676,2,Facere harum dolore neque saepe.
620,2053,399,3,Dicta veniam quo tempora mollitia laboriosam.
621,2333,124,3,Quaerat illum fuga modi nulla impedit est.
622,756,27,3,Praesentium aliquid nam molestias quod earum.
623,1174,960,4,Voluptate sunt expedita rem.
624,38,325,3,Eveniet laborum rerum quis illum officia ipsam.
625,1739,246,5,Sint animi laborum debitis.
626,1044,673,1,Commodi dolores optio voluptas eius quaerat excepturi.
627,1556,451,3,Quia molestias maxime corrupti cupiditate nisi hic.
628,973,315,4,Ratione tempora quo eaque labore tenetur neque.
629,1296,821,3,Maxime perspiciatis assumenda sunt praesentium.
630,416,252,3,Tempore vero numquam perspiciatis.
631,713,881,5,Aspernatur aliquid eius omnis aspernatur eveniet nesciunt.
632,1137,792,5,Odio nesciunt consectetur debitis reiciendis tenetur.
633,1409,31,3,Quae itaque sint molestiae fugit minima voluptatem.
634,1910,312,3,Porro cumque incidunt fugiat.
635,1217,341,5,Odio nisi omnis ullam animi asperiores unde.
636,2020,160,4,A nobis minima ea eveniet unde suscipit tempore.
637,1143,538,2,Ea consectetur impedit aut.
638,1798,427,4,Delectus distinctio eius dignissimos placeat aperiam.
639,2892,9,2,Cupiditate reiciendis tempora fugiat esse.
640,2987,918,3,Culpa quaerat recusandae.
641,1169,925,5,Maiores laborum ea sequi cum nisi quam.
642,2784,331,3,Placeat commodi temporibus ea voluptatibus voluptas.
643,1171,439,1,Nihil cumque soluta alias reiciendis tenetur.
644,1234,887,2,Fugiat quam quas beatae.
645,1837,520,2,Aliquam eos accusamus numquam laboriosam doloremque.
646,2813,468,3,Cum eveniet cum velit eos libero.
647,1503,861,4,Non repudiandae officia.
648,2944,913,4,Voluptatibus ea aperiam nihil ipsa dicta.
649,893,879,1,Esse consequatur vitae dicta reprehenderit amet illum.
650,204,962,5,Magnam quis saepe natus corporis.
651,1580,229,1,Accusantium rem porro modi error.
652,1140,424,5,Magnam vero dicta quam cumque.
653,2380,870,2,Earum quo tempore reprehenderit quod.
654,1553,787,1,Asperiores nam ex magnam aperiam nemo laboriosam.
655,2280,398,5,Dolor voluptatibus aliquid impedit unde.
656,1500,973,3,Similique nulla voluptates placeat.
657,899,861,4,Rem est repudiandae blanditiis.
658,1692,27,5,Repudiandae adipisci nulla architecto officia perferendis dolores.
659,779,405,3,Dolorum provident atque nulla et asperiores magni.
660,2269,515,3,Nobis iure velit vitae esse facere.
661,2747,496,5,Placeat officiis iste sit rem similique cupiditate.
662,1066,449,2,Autem occaecati odit mollitia.
663,1574,479,2,Itaque accusantium consequuntur velit quam fuga consequuntur.
664,422,949,5,Error a iusto explicabo voluptatum sed optio illo.
665,792,923,2,Fuga corporis voluptatibus inventore excepturi.
666,1997,527,2,Quidem cumque aliquid repudiandae excepturi autem amet.
667,2457,584,3,Exercitationem earum non non maiores necessitatibus.
668,2093,377,1,A numquam cum minima quibusdam laboriosam sit.
669,547,761,4,Blanditiis quo facere iste quas.
670,1233,438,3,Cumque enim perspiciatis sequi est.
671,578,697,4,Veniam a dignissimos possimus voluptatibus.
672,1365,134,2,Ab tenetur eius placeat nemo minus culpa magni.
673,1315,969,5,Eius cumque quo itaque quam.
674,708,290,2,Assumenda quasi nesciunt.
675,2186,781,4,Optio voluptatum culpa.
676,2574,652,5,Suscipit ipsum dignissimos.
677,174,375,1,Tempore adipisci dicta ad laborum harum magni.
678,1591,659,2,Magnam laborum ipsa.
679,413,568,5,Eligendi doloribus quos laborum eveniet beatae corporis molestiae.
680,181,2,1,Vero soluta non voluptatibus rerum aliquam.
681,2941,73,3,Voluptatum perspiciatis laboriosam.
682,417,545,3,Fuga at a porro enim numquam suscipit.
683,2965,152,4,Pariatur corrupti est tempora ducimus minus vero.
684,894,807,1,Minima ad tempora quidem.
685,97,950,5,Maiores molestiae exercitationem architecto at et quos.
686,1742,783,4,Repellendus repudiandae nobis doloremque veritatis.
687,2258,39,3,Recusandae quos pariatur minus unde a.
688,1166,811,4,Nobis neque explicabo quia dolores deserunt in dignissimos.
689,822,529,2,Error exercitationem voluptas exercitationem.
690,2993,705,3,Nobis quibusdam aperiam nihil dolore cumque earum.
691,1965,538,1,Quis voluptate ducimus.
692,375,241,4,Maxime numquam soluta a.
693,2971,762,5,Maxime ipsa sunt voluptate sed.
694,1503,306,1,Laboriosam quos harum ex dolore dolor aliquid.
695,1402,402,1,Laboriosam reiciendis modi voluptas odio a officiis porro.
696,1567,689,2,Sapiente pariatur velit quod quisquam.
697,356,135,5,Nulla temporibus nostrum perferendis assumenda alias voluptas.
698,2854,281,5,Suscipit provident vitae debitis perspiciatis a ex error.
699,1087,561,5,Aspernatur aliquid veniam voluptas odio tempora.
700,2449,644,2,Odio laboriosam assumenda ut.
701,1650,326,1,Atque voluptatibus distinctio harum vel in nostrum.
702,2680,8,3,Necessitatibus possimus velit excepturi velit omnis dolor.
703,1644,479,1,At dignissimos deserunt minus illum facere soluta quam.
704,1878,941,3,Aliquid dolore repellat.
705,2012,861,1,Eaque ipsam nulla excepturi.
706,2009,806,5,Fugiat tempora perferendis fugit voluptatem cupiditate culpa.
707,2733,784,2,Omnis atque deleniti aspernatur.
708,2287,738,3,Repudiandae fugiat maxime nemo consequatur placeat ea.
709,2592,452,2,Adipisci eveniet inventore tempore.
710,634,113,4,Ad fugit sint eos ut debitis a.
711,232,647,4,Temporibus laborum recusandae blanditiis temporibus.
712,2378,492,4,Deleniti corrupti voluptatum labore quo a animi.
713,497,297,5,Exercitationem ipsam ratione assumenda iusto quasi minima.
714,359,406,3,Voluptatum modi quidem placeat.
715,771,263,1,Esse reiciendis fuga eius autem.
716,1885,432,5,Magnam temporibus inventore.
717,2055,91,4,Corporis saepe magni consectetur.
718,823,768,5,Impedit dolorum architecto vitae deserunt animi praesentium.
719,2296,816,4,Ad nobis suscipit doloremque praesentium minima.
720,1303,91,2,Voluptate natus quo dolorum incidunt alias a.
721,2243,818,1,Fugit reprehenderit consequatur molestiae voluptatum.
722,2014,109,2,Maxime architecto expedita totam cumque culpa dolores.
723,1055,690,5,Iure atque nobis enim.
724,2878,170,4,Assumenda dignissimos repudiandae fugit.
725,1104,154,1,Sint accusantium veniam veniam fuga.
726,645,563,1,Laudantium quibusdam fugiat rem laudantium quaerat.
727,2768,400,4,Porro odit pariatur voluptatum vel iste.
728,932,175,5,Id quia praesentium veniam quas.
729,2373,785,5,Magnam debitis ratione voluptatem.
730,1145,523,3,Sed quod impedit ea repudiandae id qui.
731,1669,874,5,Placeat esse ut est voluptas.
732,2435,183,2,Consectetur deleniti ipsam.
733,2885,462,5,Pariatur enim expedita cupiditate natus.
734,513,581,2,Ut quod commodi id.
735,1887,341,5,Consequatur vel pariatur ipsum voluptates.
736,1617,696,2,Eligendi sequi qui.
737,818,485,3,Cum blanditiis natus atque officia dolorem.
738,2605,66,5,Magnam maxime hic dolores.
739,372,833,5,Eum ratione autem amet vero.
740,759,820,3,Quas quasi porro ex.
741,829,459,3,Expedita perferendis distinctio dignissimos.
742,44,959,3,Ut laboriosam vel at asperiores veritatis quasi neque.
743,1532,756,1,Adipisci veritatis fugiat eveniet impedit expedita.
744,2452,38,4,Maiores qui sequi ratione.
745,416,12,1,Esse magnam facere atque ipsa.
746,120,655,1,Amet sunt non.
747,661,104,1,Reprehenderit rerum voluptatibus adipisci aperiam magni sunt recusandae.
748,1946,928,5,Laudantium cumque quod nam pariatur occaecati veritatis.
749,1800,720,4,Est consequuntur esse.
750,560,964,3,Ullam eligendi saepe quisquam illo expedita temporibus esse.
751,1635,812,1,Maxime cumque non quia.
752,278,495,2,Modi error sapiente deleniti dolor.
753,677,742,4,Nostrum dicta ea eveniet veritatis cum dolorum.
754,2432,650,1,Repellendus nulla rerum mollitia tempora laudantium praesentium est.
755,1789,8,3,Earum ab deleniti a molestias architecto consequuntur officia.
756,588,875,5,Nesciunt quibusdam labore architecto aperiam laboriosam similique.
757,2587,859,3,Rem quibusdam tenetur nobis nesciunt totam.
758,55,455,3,Dolores architecto repellat.
759,1755,491,3,Quibusdam beatae natus sint beatae blanditiis occaecati.
760,2398,945,2,Ducimus odio dolore suscipit repellat.
761,1186,801,4,At suscipit delectus ullam maxime porro.
762,2209,72,3,Incidunt nostrum sit quidem corporis at suscipit.
763,1632,679,2,Vel temporibus soluta soluta sequi officiis omnis accusantium.
764,642,384,1,Debitis ducimus consequuntur exercitationem aperiam.
765,1108,84,1,Adipisci laboriosam quisquam culpa perspiciatis voluptates at.
766,2352,982,4,Quasi fugit aspernatur excepturi quod.
767,2200,227,1,Corporis impedit architecto dolorum doloremque tempore voluptates.
768,699,735,2,Exercitationem fugiat veniam facilis labore accusamus libero.
769,385,681,2,Incidunt vero labore fugit alias.
770,99,246,2,Nemo deleniti aliquam quas a suscipit.
771,1725,388,2,Totam est ullam culpa ea cumque quia.
772,2399,253,2,Expedita rerum atque odit nobis.
773,1146,908,5,Rerum error vel illum laboriosam.
774,2121,566,5,Quam eius accusantium totam minima quisquam enim.
775,995,963,1,Sit error illo odit voluptas consequuntur.
776,546,683,2,Deleniti soluta illo odio iure.
777,2918,243,3,Quod esse amet vitae accusantium delectus tempore.
778,221,98,2,Mollitia a alias illum.
779,2222,465,3,Saepe consequuntur aut aperiam animi eos deserunt.
780,836,569,2,Iusto eligendi itaque a aspernatur provident saepe in.
781,2545,717,5,Ad inventore dignissimos quisquam eos.
782,525,731,4,Beatae possimus hic veritatis asperiores.
783,345,971,4,Mollitia consequuntur quaerat doloremque rem maiores ab.
784,2288,362,5,Dolore error veritatis eos vero neque iste.
785,665,962,1,Nihil vero eum quo nam dignissimos.
786,1728,323,4,Molestiae sapiente vel facilis corporis.
787,2906,96,5,Sed assumenda occaecati necessitatibus ut harum nihil.
788,1966,964,4,Minima fugiat omnis repellendus voluptatibus.
789,1395,43,2,Quos corporis ullam dignissimos eum nostrum minus dicta.
790,1602,103,1,Corporis porro qui blanditiis voluptatum voluptatibus explicabo quam.
791,2460,446,2,Ipsam dolore quia libero sequi dolore neque.
792,2061,234,1,Quas deserunt officiis placeat.
793,2613,71,3,Eligendi aut quidem modi esse nisi consequuntur.
794,1165,375,3,Magni quisquam accusamus.
795,2617,236,2,Quas nesciunt earum debitis fugit mollitia voluptatibus.
796,2052,498,5,Architecto architecto deleniti dolorum accusamus minima quaerat voluptatem.
797,292,402,1,Placeat incidunt atque sapiente est aperiam.
798,1876,67,3,Laudantium sunt porro perspiciatis nam at quidem.
799,2977,925,4,Incidunt maxime veritatis rem.
800,148,726,1,Cupiditate debitis qui facilis.
801,1369,167,4,Ab ea nisi alias saepe nostrum.
802,2309,696,2,Dolores odio est ipsam tenetur culpa.
803,101,407,2,Repudiandae ipsam accusamus earum qui sit.
804,370,633,3,Odio sint repellendus assumenda nemo ex beatae.
805,74,349,3,Quis error modi eaque excepturi.
806,1378,230,2,Cum suscipit nesciunt error.
807,1727,953,2,Quo quod alias architecto repellendus.
808,412,701,2,Est repudiandae doloremque fugiat assumenda.
809,2105,580,5,Delectus impedit ex cumque.
810,2540,200,1,Nihil accusantium cumque quibusdam voluptatibus sapiente.
811,1740,772,2,Et amet incidunt dicta.
812,2220,738,5,Sapiente illum ipsum possimus.
813,2455,502,2,Nobis atque facilis eos cum delectus.
814,2222,658,5,Ex nam iusto maxime vel.
815,393,405,4,Ratione eius illo commodi fugit atque.
816,2143,475,5,Quod aut earum ad.
817,232,241,2,Error quod est debitis.
818,708,954,3,Eligendi unde nam iusto.
819,336,214,3,Magnam provident exercitationem architecto maiores ipsa.
820,1453,825,1,Consequatur quaerat temporibus magni.
821,1986,657,2,Voluptate eaque quae adipisci dolores temporibus quidem.
822,1811,976,2,Impedit cupiditate facilis fuga.
823,1590,938,1,Omnis illum qui dolores sint.
824,1647,139,2,Aut quam est expedita.
825,774,988,2,Eos ratione repudiandae ad.
826,1360,340,5,Aut voluptatum iusto facilis officia iste.
827,2169,485,2,Commodi pariatur totam architecto iure officia autem.
828,2812,930,2,Pariatur et vel facilis laudantium illo.
829,2368,641,5,Dolorum rerum perspiciatis iste labore eligendi.
830,853,409,4,Molestiae porro explicabo voluptates magni.
831,1558,895,5,Autem officiis ex.
832,374,818,5,Porro fugit unde fugiat.
833,1500,552,4,Fugiat quibusdam fugiat voluptas minus consequatur cumque.
834,105,45,3,Quidem eos temporibus reprehenderit.
835,2052,57,3,Quibusdam atque facilis vitae repudiandae dignissimos aspernatur.
836,814,232,5,Totam nobis explicabo quae tenetur hic enim.
837,2576,373,5,Provident at asperiores cum.
838,276,892,4,Est repellendus assumenda dignissimos nobis odit.
839,1367,492,5,Officiis aliquid alias eligendi.
840,334,516,1,Qui vel doloremque natus consequatur.
841,339,214,2,Repellat beatae beatae provident dolor eveniet iure.
842,502,782,3,Quos eum praesentium et.
843,2521,567,2,Iure magni numquam nisi nemo nesciunt iste id.
844,2024,360,2,Itaque quas repellat deserunt quaerat veniam culpa.
845,2540,493,3,Fugiat laborum eos amet placeat occaecati sed.
846,1917,487,1,Fuga tenetur cumque temporibus vel sit quae.
847,1949,225,5,Saepe harum officiis excepturi quod ipsam dolorem.
848,1584,999,3,Expedita quis animi architecto sunt fugit.
849,1006,948,2,Vitae rem reiciendis suscipit molestiae fugit.
850,120,1000,3,Vel libero veniam porro dolorem.
851,478,257,4,Odit dicta corporis explicabo.
852,2966,826,1,Iste quisquam excepturi consectetur dolore eligendi labore.
853,2223,27,5,Soluta occaecati ratione quo numquam.
854,1833,950,2,Laboriosam possimus accusantium repellendus ut provident quis.
855,1612,667,4,Ipsa ullam dolores expedita suscipit tenetur.
856,860,842,1,Laboriosam error nobis quod dicta eos.
857,103,910,1,Necessitatibus reprehenderit eligendi facere qui.
858,1503,508,5,Voluptates itaque qui ipsa voluptate.
859,292,611,5,Fugiat occaecati pariatur officiis.
860,2112,345,2,Sed assumenda eius soluta fugit eligendi deserunt quam.
861,251,693,2,Corporis ipsam architecto odit fugit minima aliquid.
862,1413,947,2,Rerum eum ipsum excepturi molestiae repellat.
863,2912,457,5,Totam dicta voluptate distinctio neque magni nostrum.
864,1469,185,2,Eum maxime nemo repudiandae.
865,1106,882,1,Delectus error beatae atque quos a ipsam rerum.
866,2461,194,4,Maiores autem officia beatae ad nam.
867,1474,482,1,Corrupti corporis distinctio culpa animi impedit nulla.
868,2495,194,5,Laudantium perferendis ut.
869,1763,47,4,Quasi occaecati quas laboriosam eum.
870,2098,100,4,Numquam consequatur ea voluptas.
871,1174,688,3,Molestias blanditiis illum eos.
872,877,914,1,Ducimus neque alias nihil.
873,2392,886,1,Necessitatibus mollitia sapiente debitis distinctio itaque.
874,2710,101,2,Consequatur nostrum sint.
875,1312,121,3,Reiciendis explicabo ab doloremque veritatis minus numquam.
876,414,749,2,Error laborum cupiditate.
877,646,757,2,Cumque sint eos fuga.
878,1770,800,1,At qui aliquam animi.
879,400,519,4,Ducimus eius nobis rem illum tempora eveniet.
880,995,1,2,Vitae libero quas fugiat.
881,1355,649,4,Ut ratione dolore iure deserunt labore molestiae.
882,2562,515,3,Quod eos aspernatur asperiores impedit quo.
883,226,850,5,Quidem sunt dolorem fugit nesciunt.
884,1937,685,1,Totam aut id ratione dicta aut.
885,2958,728,5,Dolorum accusamus laborum labore ratione.
886,206,111,1,Rem ipsa provident quis delectus ullam.
887,2664,352,4,Repellat vitae accusantium repellat nesciunt dicta qui.
888,1676,302,4,Maxime sint amet possimus aspernatur vel.
889,2746,600,1,Aspernatur vitae maxime.
890,980,577,2,Voluptate quasi neque repellat iure soluta.
891,96,875,5,Ullam consequatur natus velit adipisci maiores dolorum.
892,2764,687,5,Dolor expedita modi odio quae doloribus.
893,2005,985,2,Temporibus voluptatem numquam laborum hic repellat odit suscipit.
894,1399,735,5,Velit quasi iure tempora consequatur tempore.
895,1973,628,3,Sunt vel facere vitae veniam molestiae accusantium.
896,1185,394,2,Recusandae sint perspiciatis illo pariatur.
897,1646,823,1,Eum doloribus nihil quidem.
898,1347,522,2,Ipsa magni quae.
899,1539,134,5,Temporibus temporibus accusantium laudantium aspernatur debitis ullam.
900,1512,137,3,Quisquam deleniti ex aspernatur odio non natus.
901,683,200,2,Facere praesentium culpa ipsa.
902,2337,203,3,Laudantium est veniam id harum iusto.
903,851,505,2,Accusantium laboriosam nobis odio illum harum.
904,1283,784,4,Unde provident in rem deleniti architecto explicabo error.
905,826,242,2,Ipsum nesciunt quisquam architecto recusandae quis.
906,518,248,5,Ab voluptas autem quia illum sed mollitia quae.
907,749,100,3,Itaque nesciunt velit.
908,1184,20,2,Iste tenetur asperiores fugiat.
909,2281,825,2,Vitae quos minima cumque voluptate itaque.
910,2963,393,5,Beatae minus dolore facere.
911,1289,476,2,Earum sequi dolores.
912,847,306,5,Expedita ea tempore repudiandae ipsam.
913,569,347,1,Doloremque magnam a nisi.
914,977,13,4,Commodi quasi porro odio quo.
915,1510,706,3,Ex illum natus quos architecto.
916,962,396,2,Maxime autem alias tempore.
917,555,892,3,Aperiam hic nisi sed.
918,1226,435,4,Rerum vitae modi dicta autem necessitatibus explicabo.
919,474,949,3,Explicabo totam rem recusandae iste.
920,782,72,3,Provident hic vel voluptas.
921,981,382,4,Culpa aut illo saepe magnam.
922,1132,100,3,Fuga molestiae enim cupiditate impedit.
923,1655,756,3,Ipsum tenetur libero voluptatem.
924,1867,951,3,Magnam modi autem adipisci laudantium.
925,2202,815,5,Dicta fugit ipsa asperiores.
926,2242,243,2,Asperiores assumenda aspernatur doloremque atque quis dicta.
927,2997,173,5,Velit dolorem quis nam.
928,2384,488,3,Commodi officia at eligendi aliquam vero.
929,801,269,3,Laudantium possimus voluptatibus doloremque officiis tenetur.
930,1481,168,1,Consequatur nam occaecati ducimus delectus impedit.
931,2994,21,4,Modi numquam voluptates eum iste rerum accusantium.
932,1800,770,1,Hic ipsam voluptas in in molestiae excepturi voluptatum.
933,2860,502,4,Officiis eligendi consequuntur doloremque nulla eius commodi.
934,1486,459,4,Esse quaerat impedit laudantium illo exercitationem similique.
935,713,66,4,Exercitationem quisquam nostrum.
936,82,43,1,Ipsam delectus voluptatibus.
937,276,68,3,Velit provident vel accusantium rem enim animi sit.
938,2349,52,5,Est ipsum minus accusantium ea animi quod.
939,1853,571,2,Natus temporibus fuga placeat nam doloribus.
940,2779,891,1,Voluptates ea harum doloribus.
941,1591,567,5,Enim dolorem veniam adipisci voluptates libero perferendis ipsam.
942,1600,913,3,Corrupti sapiente perferendis eum.
943,2168,994,3,Minus modi voluptate dolorem ex quo.
944,1631,93,3,Tempore iste reiciendis consequatur autem at mollitia ipsam.
945,1385,49,2,Praesentium molestiae repellat dolorem porro facere adipisci.
946,2925,550,4,Quasi ad quibusdam quaerat ullam ex nemo.
947,2604,860,2,Ducimus ipsum laboriosam accusantium voluptate quaerat.
948,755,352,5,Similique repellendus pariatur voluptate aut.
949,226,771,1,Id non eius odit.
950,1507,199,2,Soluta facilis asperiores recusandae suscipit nobis eum.
951,1557,450,3,Vel facilis consequuntur harum fugiat quasi nobis neque.
952,1675,337,5,Aliquid error ullam.
953,2605,255,1,Perferendis velit iste eveniet quam sunt.
954,1611,708,2,Tenetur deserunt cumque iste.
955,1317,91,4,Nesciunt necessitatibus quos.
956,57,402,3,Quod eos maxime nisi.
957,1317,298,2,Dolores dignissimos dignissimos placeat delectus ipsam.
958,600,507,2,Excepturi natus dicta culpa molestias earum asperiores iste.
959,2835,149,2,Culpa maiores labore fugit delectus reprehenderit ex.
960,765,887,5,Eveniet dignissimos repellat pariatur qui perspiciatis totam ullam.
961,1334,961,2,Officia facere aperiam voluptatibus.
962,1063,104,4,Neque placeat esse nesciunt assumenda blanditiis.
963,2788,809,3,Doloribus nulla voluptas earum sapiente commodi voluptatem.
964,252,341,1,Nobis eveniet harum rem ratione.
965,75,33,3,Id deleniti voluptates.
966,113,132,1,Aliquam exercitationem eum eius minus ullam quam.
967,168,680,5,Dolores debitis quam.
968,1718,61,4,Minima eius quos incidunt repudiandae.
969,2549,307,3,Velit accusamus cum eveniet alias deleniti.
970,129,670,2,Similique amet non reprehenderit tenetur ad rerum.
971,199,686,2,Ipsum minima ad similique quod.
972,1156,781,5,Eius eligendi soluta quo adipisci iusto.
973,603,658,3,Dolorem ducimus earum fugiat nihil assumenda.
974,2968,120,5,Aspernatur iste ad harum officia illum aliquid voluptatibus.
975,1632,826,2,Vitae pariatur enim occaecati voluptatum perferendis.
976,69,977,2,Modi veniam odit autem ab.
977,1776,968,5,Repellat harum quis distinctio.
978,1569,693,3,Dolores non nihil non officiis numquam.
979,2567,969,3,Eligendi culpa accusantium sit.
980,2138,248,3,Porro sequi quibusdam voluptate ex temporibus eius fuga.
981,756,453,5,Reiciendis magni odit sequi explicabo quia.
982,1979,606,5,Voluptatem tenetur aspernatur nobis quibusdam sapiente laboriosam.
983,1260,472,3,Porro et velit aut delectus labore maxime voluptates.
984,1629,216,3,Quas tempore dolor consectetur fugiat expedita.
985,1021,921,1,Atque ducimus impedit fugit sed delectus debitis.
986,1065,45,1,Quia enim eveniet est itaque.
987,2076,464,5,Occaecati at explicabo quas ipsum.
988,2526,654,1,Distinctio veritatis facilis tenetur non excepturi culpa.
989,1176,608,1,Debitis porro repudiandae reprehenderit ipsa.
990,1800,715,2,Nostrum quam consequuntur eos inventore incidunt.
991,2460,984,2,Dignissimos cumque quam possimus adipisci.
992,126,2,3,Eaque odit harum natus exercitationem dolores aspernatur.
993,2456,446,4,Quisquam quia repellat mollitia facilis.
994,599,754,2,Eligendi nam non neque hic.
995,1655,513,1,Modi quasi dolore libero.
996,959,988,4,Laborum laudantium itaque officia.
997,48,148,2,Id enim nemo.
998,1757,630,2,Ipsum explicabo harum enim facilis omnis minus.
999,2326,477,1,Blanditiis libero inventore pariatur.
1000,2707,988,2,Culpa ad a laborum facere nisi.
1001,407,530,4,Odit nulla amet voluptate molestias.
1002,90,792,2,Velit praesentium accusantium facilis sed sit.
1003,558,506,3,Fugit tenetur veritatis amet pariatur.
1004,2759,232,1,Enim harum facere consequatur nesciunt distinctio.
1005,2919,454,4,Cumque reprehenderit qui aliquid.
1006,573,25,4,Eos ullam quasi reprehenderit sapiente.
1007,1439,666,3,Alias quibusdam quidem tempore quae.
1008,2109,865,4,Sed quibusdam debitis laborum eveniet sed repellat placeat.
1009,1996,162,5,Ipsum ad incidunt ipsum.
1010,28,643,5,Cum doloremque suscipit officiis.
1011,2846,476,3,Officiis quod qui consectetur placeat facere natus.
1012,2269,870,3,Recusandae minima eius molestiae cupiditate.
1013,1856,381,5,Placeat debitis ad ad repellendus.
1014,1057,648,5,Eveniet soluta est illo.
1015,914,819,4,Temporibus ipsum dolore maxime eum autem.
1016,1115,61,3,Pariatur rerum totam ad odit delectus.
1017,1110,507,3,Iusto at placeat.
1018,2523,498,1,Voluptatum cumque iusto quas quod placeat ipsum.
1019,1938,540,2,Earum earum ab suscipit dignissimos.
1020,1779,466,3,Expedita ex totam odit.
1021,40,512,5,Eligendi vero hic alias velit.
1022,1695,222,5,Fugit est adipisci reiciendis facilis.
1023,1058,621,5,Alias omnis maxime nam magnam illo soluta.
1024,860,186,4,Quis in quidem hic nisi.
1025,75,423,5,Exercitationem repellat dignissimos nobis.
1026,2625,158,4,Facere vel dignissimos quo possimus inventore repellat.
1027,529,344,5,Ipsam illo ipsa corrupti provident.
1028,136,219,2,Consequatur officiis hic qui molestias cumque.
1029,2118,601,3,Aspernatur eos deserunt vitae exercitationem laboriosam nulla natus.
1030,906,640,3,Eius ratione perspiciatis molestiae magnam ea.
1031,2633,21,5,Doloribus fugit labore similique perferendis pariatur aperiam.
1032,2423,103,4,Soluta veniam placeat totam.
1033,2341,40,1,Iste eligendi officiis debitis ducimus magni placeat corrupti.
1034,1383,878,5,Dicta minus unde ipsum laborum qui sint.
1035,1049,927,1,Dignissimos nemo maxime iusto molestias esse in.
1036,505,170,4,Facilis veniam esse fugiat voluptatibus nisi iure.
1037,1711,238,1,Voluptatum porro voluptatum libero.
1038,2621,945,1,Cum perferendis deserunt.
1039,2901,585,4,Excepturi asperiores sequi voluptate placeat earum.
1040,1872,982,4,Laborum eius harum at commodi.
1041,2162,356,4,Aut ipsam sit veniam.
1042,781,796,4,Praesentium fugiat esse dignissimos magni.
1043,1682,724,4,Atque voluptatibus soluta tempora eius.
1044,1527,947,2,Eligendi cumque earum id.
1045,1081,202,4,Voluptas eligendi unde maiores vitae deserunt enim iusto.
1046,776,894,1,Magnam deserunt illum ipsam.
1047,1730,493,5,Aspernatur vel facilis fuga.
1048,395,966,2,Tenetur alias possimus animi.
1049,1348,363,4,Laborum qui esse error itaque.
1050,2749,259,4,Blanditiis placeat incidunt ab beatae voluptas.
1051,1195,578,5,Suscipit corporis ab earum excepturi libero.
1052,963,907,3,Officiis veritatis blanditiis sunt quos recusandae.
1053,1922,585,3,Voluptate nihil repellendus nisi dolorem optio tenetur.
1054,2567,546,3,Quas corporis explicabo amet dignissimos possimus architecto illum.
1055,391,100,1,Animi minima id corrupti officiis.
1056,559,289,4,Aliquam officiis ea saepe impedit pariatur ipsum.
1057,1543,557,5,Numquam quia ratione nemo sapiente voluptas consectetur ratione.
1058,2295,68,1,Ipsum minus ea.
1059,46,154,4,Repellendus quisquam quod pariatur laborum veniam ipsum.
1060,361,776,5,Ipsa nobis tenetur minus.
1061,2990,970,2,Odit repudiandae consectetur voluptatem eveniet.
1062,2939,15,3,Exercitationem autem pariatur ab facilis itaque.
1063,1908,266,1,Voluptates velit amet modi officia possimus facilis.
1064,2963,114,5,Tempore dolorem assumenda itaque delectus distinctio laboriosam.
1065,292,702,2,Consequatur possimus sapiente dicta consequatur impedit ipsam.
1066,2278,843,2,Earum odio eos dicta ab voluptatem voluptatum.
1067,598,769,3,Facilis reprehenderit magnam explicabo velit vero.
1068,1716,646,5,Sint sint perferendis nam quasi.
1069,2486,942,2,Quis iusto autem corporis iure molestiae sequi.
1070,1703,437,4,In quod libero rem amet ex a.
1071,2872,786,5,Omnis asperiores recusandae nemo sapiente temporibus.
1072,817,756,2,Aperiam magni minus illum quaerat ea.
1073,41,436,2,A doloremque nulla iste sint animi animi.
1074,877,229,4,Ipsum consequuntur placeat quo.
1075,1093,632,1,Placeat nobis et ab praesentium ratione ipsum.
1076,827,168,2,Ex totam illo eos.
1077,29,837,3,Debitis laboriosam tempore odio harum amet officia voluptatibus.
1078,29,991,5,Iste voluptate veritatis a unde tempore.
1079,2353,233,3,Quas sed voluptatum animi.
1080,302,888,2,Autem ab nisi corrupti odio ullam culpa.
1081,925,216,2,Harum quos dolorem.
1082,1152,738,3,Dicta quibusdam deserunt sit placeat labore eaque natus.
1083,1174,853,1,Odio autem atque ex animi ullam ut minima.
1084,54,538,1,Dignissimos eveniet dicta temporibus autem eum ad.
1085,2926,553,4,Illo corrupti ad.
1086,2910,159,1,Blanditiis dicta earum.
1087,2153,636,1,Deleniti nesciunt consectetur id quo sapiente praesentium.
1088,2511,565,5,Iste adipisci exercitationem voluptatem eaque inventore cum.
1089,1968,201,2,Doloribus impedit odit.
1090,1293,806,5,Porro nulla voluptatem at.
1091,2901,78,2,Facilis rerum nam sed necessitatibus dolorum nesciunt.
1092,2921,252,2,Exercitationem ex recusandae veritatis.
1093,2606,665,3,Sunt nostrum reprehenderit cum doloribus.
1094,198,158,1,Nostrum dolorum culpa eligendi.
1095,2602,582,1,Sed velit totam illo a voluptate.
1096,243,121,4,Illum dolore suscipit minima ducimus ullam.
1097,1852,149,5,Repudiandae veniam earum perspiciatis doloremque quod.
1098,977,541,2,Totam corporis asperiores sapiente.
1099,885,49,2,Molestiae facilis incidunt magnam nostrum laboriosam.
1100,2479,709,1,Modi quo unde accusantium laborum beatae cupiditate.
1101,2567,151,4,Nesciunt eligendi autem neque iure in.
1102,2233,576,3,Fugiat soluta quasi occaecati quod consectetur iusto.
1103,220,938,5,Cupiditate blanditiis quos porro.
1104,2491,832,4,Quos odit unde magni vitae hic.
1105,2247,783,3,Similique nulla id ipsam accusantium.
1106,659,864,1,Culpa neque laboriosam dolorem aliquid dolorum nostrum.
1107,844,580,1,Similique delectus veniam eos quia.
1108,1748,873,1,Debitis hic maxime minima illum deserunt.
1109,231,187,1,Corporis illum ipsam alias accusamus totam asperiores.
1110,1253,42,3,Id aperiam dolorem quibusdam ut.
1111,1581,742,2,Perspiciatis ex rerum eos mollitia.
1112,2019,602,2,Dignissimos nam ducimus molestias.
1113,374,895,5,Architecto rerum ipsa ab dignissimos cumque suscipit.
1114,349,143,1,Optio ea ea maxime.
1115,2506,515,1,Quaerat natus nostrum veritatis a.
1116,36,786,2,Dolorum laborum soluta libero facilis magni.
1117,270,467,4,Veritatis mollitia pariatur dolores aliquid.
1118,2724,829,2,Quisquam similique animi dolor.
1119,2222,377,1,Amet vel rerum porro animi excepturi.
1120,1025,826,2,Ex corporis suscipit eos tenetur accusantium ut et.
1121,182,710,4,Dignissimos libero quasi laborum repudiandae architecto magnam.
1122,266,854,5,Laudantium eaque hic.
1123,757,979,5,Temporibus assumenda fugiat id.
1124,2551,231,3,Quam sunt autem minus enim deserunt.
1125,1796,737,3,Aut eveniet accusantium atque.
1126,243,829,5,In deleniti dicta in.
1127,458,163,5,Sed velit deserunt nemo provident.
1128,1769,780,5,Corporis harum quod aliquid nemo tempora unde.
1129,832,22,4,Doloremque pariatur optio non recusandae.
1130,2895,990,1,Explicabo ducimus officiis earum fugiat.
1131,2179,892,3,Ducimus pariatur illo fugit.
1132,1805,519,3,Omnis quam tempora commodi architecto ullam.
1133,1994,718,1,Natus quis sunt consequatur.
1134,1969,267,1,Dolore tempora magnam saepe.
1135,366,321,1,Ipsum est officia est veniam.
1136,1832,832,1,Facilis veritatis non reiciendis repellendus.
1137,589,427,2,Soluta laudantium doloremque harum nobis.
1138,280,147,3,Dignissimos accusantium animi in.
1139,2884,634,4,Perferendis accusantium iusto doloremque.
1140,1227,473,2,Et odio ratione voluptatum minima ipsum similique.
1141,1098,52,5,Nobis dolorem tempore praesentium quae sunt.
1142,949,476,5,Debitis ex possimus qui quas.
1143,1937,441,4,Illum facere ducimus iusto.
1144,990,588,4,Adipisci architecto suscipit cupiditate.
1145,2174,71,4,Eum exercitationem quam corrupti.
1146,108,301,4,Dignissimos fugit voluptatibus earum veniam aliquam.
1147,164,364,4,Debitis magni odit eius quia voluptates distinctio.
1148,1715,453,4,Placeat fugiat illum sequi minima.
1149,777,244,3,Ab exercitationem illum exercitationem.
1150,1456,750,3,Minima odio voluptatum qui minima.
1151,1481,980,1,Distinctio voluptatibus dolore suscipit neque.
1152,1210,370,2,Magnam accusantium eveniet fugiat vitae ullam.
1153,1683,367,4,Deleniti quam praesentium.
1154,2256,849,5,Architecto eum et repellendus.
1155,1645,51,1,Ad blanditiis impedit fugiat.
1156,2765,499,1,Alias dignissimos labore facere pariatur eius consequatur.
1157,882,858,4,Consequatur maiores error rem.
1158,1569,729,5,Dolore nesciunt autem maxime aperiam.
1159,1820,632,5,A labore recusandae dicta quas sunt corrupti.
1160,2358,214,2,Debitis officiis dolor ducimus iusto beatae aliquid.
1161,1259,374,1,At doloremque iusto.
1162,1089,836,4,Odio adipisci repellendus.
1163,1926,498,2,Repudiandae aliquid error distinctio harum esse.
1164,1984,209,5,In quibusdam saepe necessitatibus repellat.
1165,1155,609,1,Numquam beatae odio quae odio soluta tempora ducimus.
1166,1214,966,3,Consectetur labore illo magni.
1167,314,714,5,Adipisci quos iste.
1168,1703,674,5,Beatae sint dolore porro culpa ex.
1169,2399,802,1,Debitis ab delectus reprehenderit placeat.
1170,2500,413,5,Fuga cupiditate voluptatibus est nemo sint.
1171,478,828,1,Facilis iure libero nam modi.
1172,1241,26,2,Dolorem ex itaque sint dignissimos vel.
1173,2221,558,5,Accusantium nihil deserunt eligendi fuga nemo.
1174,498,808,5,Eius maxime accusantium deserunt blanditiis alias dolores minima.
1175,2984,723,4,Tempora enim id.
1176,1491,887,1,Nostrum quo reiciendis nihil occaecati error aliquid.
1177,2310,801,5,Ipsa non at cum qui saepe magni.
1178,2714,159,4,Velit quidem eligendi.
1179,2840,855,2,Neque voluptates labore sed perspiciatis exercitationem.
1180,1770,636,4,Iusto omnis maxime non incidunt maxime.
1181,1797,418,4,Sequi reiciendis voluptates veniam iusto animi harum.
1182,167,552,4,Harum consequatur nobis asperiores perferendis.
1183,2926,927,5,Aspernatur impedit minus deleniti delectus.
1184,2918,412,2,Repellendus laboriosam veniam consectetur ducimus repellendus vel.
1185,2039,464,1,Repudiandae nulla recusandae earum illo autem.
1186,498,81,3,Voluptatem quas aperiam.
1187,1554,758,3,Voluptates corporis veritatis nihil minima voluptas molestias.
1188,530,483,2,Dicta blanditiis laborum ipsa asperiores.
1189,2555,80,4,Odit architecto accusantium suscipit aliquid in distinctio.
1190,1899,526,5,Ipsa magni odit quam.
1191,1728,815,3,Dicta suscipit praesentium nisi quis laboriosam.
1192,2340,579,4,Ullam incidunt iusto fugiat.
1193,256,806,1,Dolores amet molestiae fuga dignissimos enim dignissimos.
1194,2193,31,2,Quasi quasi illo eaque repellendus.
1195,1109,502,3,Est cumque voluptates eum dignissimos a delectus quisquam.
1196,2482,344,5,Illo quos maiores eveniet perspiciatis eos enim.
1197,2383,141,1,Sit reiciendis eum.
1198,529,450,3,Quae soluta suscipit vel.
1199,2421,985,1,Cum optio id libero.
1200,1182,651,4,Impedit atque perspiciatis.
1201,1470,674,2,Tempore debitis suscipit sed occaecati quos sapiente.
1202,560,167,3,Aliquam quaerat praesentium quisquam incidunt voluptate corporis.
1203,1920,606,1,Hic odio aspernatur eius.
1204,990,542,4,Harum repudiandae quas neque quo impedit possimus.
1205,682,497,5,Harum maiores quas necessitatibus.
1206,1656,500,5,Libero reiciendis eligendi asperiores quidem provident illum.
1207,1736,477,2,Non quaerat id numquam repudiandae labore qui labore.
1208,484,410,2,Sunt praesentium doloremque quasi est voluptatibus illo.
1209,362,371,3,Deserunt natus iure voluptas tempore.
1210,336,22,1,Suscipit eligendi pariatur voluptate.
1211,1906,813,3,Adipisci magnam neque molestiae eligendi quas.
1212,2679,204,3,Quos molestiae in laboriosam.
1213,2465,631,5,Architecto nobis ea.
1214,5,485,4,Illum nemo cumque reprehenderit.
1215,1187,710,5,Expedita voluptates repudiandae doloribus facilis ipsa.
1216,1175,749,4,Sapiente laboriosam nostrum ratione aliquid.
1217,42,286,2,Iure repellendus modi dolore rerum harum consectetur.
1218,259,191,1,Praesentium mollitia perspiciatis non ullam.
1219,2502,825,5,Reiciendis optio incidunt culpa.
1220,2428,598,1,Minima debitis amet explicabo similique illo.
1221,2744,161,5,Earum error assumenda laborum in dolores laudantium debitis.
1222,1533,779,4,Delectus totam ratione.
1223,2386,76,2,Eius illo amet soluta ullam nostrum.
1224,589,434,2,Accusamus ex quam natus.
1225,1141,828,2,Aperiam at corporis.
1226,2832,149,3,Aliquid natus odit ad quas perspiciatis exercitationem quas.
1227,165,338,5,Incidunt nulla labore veniam quod ipsam repudiandae pariatur.
1228,1141,979,3,Reiciendis aut qui minima enim sunt.
1229,1621,222,2,Officiis aut quia nobis.
1230,1776,783,5,Architecto optio ipsam fuga pariatur deleniti impedit.
1231,1335,195,3,Animi laborum commodi asperiores dolorem ipsum.
1232,2915,885,3,Qui voluptatibus ducimus nisi occaecati recusandae ducimus accusantium.
1233,2012,254,5,Dolor ipsum praesentium eum explicabo vero.
1234,2330,202,2,Voluptates molestiae earum facilis necessitatibus repellat.
1235,353,101,4,Fuga esse odio nostrum voluptatem sunt.
1236,347,610,1,Enim odit quos autem ipsum saepe numquam.
1237,354,316,2,Deleniti nam incidunt magnam corporis error necessitatibus.
1238,2494,317,4,Saepe perferendis voluptatum.
1239,2052,915,3,Ducimus tempore eos vel explicabo eligendi cum.
1240,849,134,3,Quod quod quos dignissimos maxime aliquam assumenda velit.
1241,2553,478,4,Omnis animi quas alias nemo odit ipsam.
1242,626,95,5,Fugit tenetur neque odit expedita asperiores.
1243,1626,527,1,Adipisci doloremque eius ducimus reprehenderit.
1244,1959,210,4,Eaque necessitatibus quidem quis.
1245,1282,314,2,Iure perspiciatis error quis laudantium facilis.
1246,2089,207,3,Eaque aspernatur placeat.
1247,2786,221,1,Atque voluptas modi provident.
1248,275,518,2,Enim sapiente eos consectetur ab blanditiis.
1249,1448,167,3,Natus reprehenderit ratione necessitatibus dolor.
1250,2632,544,3,Cupiditate impedit eveniet nemo dolores omnis nemo.
1251,1251,477,1,Exercitationem earum praesentium rerum similique quod.
1252,1317,90,3,Cupiditate iusto sit dolor fuga.
1253,2528,830,1,Voluptates fugiat aperiam eveniet cumque odit ea laudantium.
1254,2702,281,5,Vel suscipit doloribus adipisci doloribus accusantium natus.
1255,533,482,1,Harum possimus facilis architecto assumenda vitae.
1256,2611,756,5,Odit deserunt officia dolorem.
1257,1994,140,4,Facere minus velit ut ipsam eum.
1258,2640,3,1,Recusandae iste facere veritatis laudantium consequatur nobis.
1259,1995,203,3,Nam ex tenetur odit soluta possimus minima.
1260,1156,306,5,Odio tempora quasi quia debitis nulla nobis.
1261,206,678,3,Sapiente aspernatur perspiciatis.
1262,1544,975,3,Doloremque maxime aspernatur officia eveniet ab fugit.
1263,2818,433,5,Quibusdam facilis corrupti suscipit quia expedita fugiat officiis.
1264,1670,956,1,Tenetur quae rerum placeat.
1265,1336,8,2,Culpa cumque odit expedita sed provident facere.
1266,1394,545,4,Ipsam rem autem laboriosam magnam.
1267,207,449,5,Ipsam aliquid ab odit corporis cupiditate.
1268,2866,190,5,Delectus in ipsam magni neque eaque.
1269,1507,920,3,Non a eos dicta.
1270,2304,768,1,Quis cum excepturi aliquid beatae ea.
1271,2575,585,5,Voluptatem nobis voluptatum perspiciatis error illum consequatur.
1272,1036,182,2,Voluptatem in eos ipsam corporis asperiores.
1273,1560,867,3,Ex laborum fuga necessitatibus.
1274,2773,964,5,Vero ex officiis adipisci earum eveniet tempore.
1275,1737,875,1,Tempore occaecati quod quia nihil laboriosam.
1276,2584,133,4,Perferendis temporibus molestias nostrum.
1277,179,893,5,Aperiam incidunt veritatis quisquam occaecati.
1278,1414,250,4,Suscipit quis fugiat quae.
1279,285,281,5,Repellendus iste illum deserunt minus odio.
1280,1259,802,4,Atque ipsa perspiciatis suscipit libero qui.
1281,1367,131,1,Quibusdam temporibus minus aspernatur.
1282,988,983,5,Illum quam unde et voluptatem maiores.
1283,1305,180,5,Minima veniam ipsam illo illo nostrum molestiae.
1284,1043,586,3,Asperiores beatae voluptatibus at id nisi.
1285,1388,371,2,Assumenda ad voluptates illum totam.
1286,317,721,1,Nisi iste accusamus numquam blanditiis.
1287,1209,909,3,Minus eos sapiente odit.
1288,2717,236,3,Omnis neque exercitationem est quae quaerat aperiam.
1289,608,361,5,Ratione sed molestias laboriosam.
1290,2525,560,3,Soluta laborum quasi ex assumenda vitae.
1291,2980,312,5,Quaerat minus ullam nam dicta commodi.
1292,2461,391,5,Illum cupiditate maiores deserunt libero minus.
1293,1015,59,3,Deleniti commodi accusantium iste adipisci eos expedita.
1294,1353,824,5,Quis eos voluptatum temporibus.
1295,567,8,2,Suscipit qui accusantium quibusdam dolorem.
1296,2882,58,4,Debitis dolore totam veritatis natus.
1297,2055,321,2,Amet sit maxime ea iste.
1298,1362,373,3,Quibusdam quod nisi in aspernatur repudiandae.
1299,1107,484,3,Perferendis quibusdam iusto cum illo.
1300,2132,70,5,Necessitatibus nemo doloremque libero dolore ullam soluta facilis.
1301,2519,602,3,Quae ducimus dolores dolorum aut.
1302,1629,778,3,Magni ipsam quidem animi nobis.
1303,2919,390,2,Repudiandae similique asperiores.
1304,1064,632,2,Repellendus id pariatur consequatur.
1305,51,15,4,Laborum porro accusantium voluptatem fuga vel.
1306,2447,478,3,Beatae veniam ipsa pariatur natus maiores.
1307,2779,821,3,Sed expedita minima exercitationem impedit.
1308,2370,658,5,Doloribus reiciendis iste nam nulla blanditiis corporis.
1309,1094,747,5,Dolorem delectus blanditiis ipsa.
1310,789,401,5,Non veritatis adipisci.
1311,1769,506,5,Quaerat voluptates officiis aliquid nisi suscipit.
1312,408,578,2,Libero esse fuga maxime aliquid pariatur excepturi suscipit.
1313,136,863,2,Quibusdam autem dolorem quod.
1314,1427,555,3,Praesentium voluptatum laborum nesciunt.
1315,874,529,4,Suscipit aliquam deserunt est quam nemo hic.
1316,2365,664,3,Commodi asperiores voluptatum velit ullam voluptas minus.
1317,2180,815,3,Commodi facere hic officia sunt ut ipsam necessitatibus.
1318,2080,780,2,Modi ut aperiam.
1319,978,687,3,Quibusdam repellendus fugiat perspiciatis.
1320,2682,987,3,Cupiditate culpa veritatis facilis a id omnis.
1321,1523,744,1,Veniam eaque nostrum nam eos veritatis soluta.
1322,489,75,4,Facere ratione voluptatibus omnis quo optio.
1323,1234,380,5,Deleniti minus aliquid modi eveniet ad.
1324,492,879,5,Vel delectus quibusdam magnam.
1325,2824,314,4,Porro quae earum sunt.
1326,2920,401,3,Voluptatem eaque mollitia libero.
1327,2112,425,4,Quis quidem voluptate sed quae.
1328,2696,105,4,Maxime adipisci vero.
1329,2927,199,4,Sequi rerum velit dolores quas ipsa doloribus.
1330,2985,584,5,Rem suscipit perferendis amet rerum ullam.
1331,1814,152,3,Maiores aperiam doloremque quasi nostrum.
1332,2715,416,4,Labore distinctio repudiandae expedita laborum.
1333,1290,463,3,Commodi consectetur cumque dolorem tenetur omnis quo aut.
1334,730,546,3,Eaque corrupti sequi ad voluptates deserunt labore maxime.
1335,7,918,4,Minima dolorum ullam.
1336,2922,971,5,Amet vitae deleniti perspiciatis voluptatibus ex modi.
1337,2374,873,5,Et voluptate nostrum minima aut porro at.
1338,2898,830,4,Veniam aliquid natus sequi.
1339,2302,913,1,Voluptatem deleniti nulla rem veniam esse laboriosam.
1340,1063,186,1,Nisi ex debitis.
1341,1389,660,1,Eveniet aspernatur maiores magni.
1342,2908,969,3,Consectetur iste omnis eos ipsa quibusdam.
1343,677,573,2,Ea laborum sint cumque.
1344,174,285,4,Natus dolore porro voluptatum maxime.
1345,2742,42,3,Excepturi aut sapiente nulla reiciendis hic impedit neque.
1346,816,913,1,Doloremque neque porro.
1347,1595,504,5,Sint eligendi aspernatur exercitationem.
1348,1593,53,2,Minus voluptates voluptatum impedit eos at quam minus.
1349,904,636,4,Commodi non veniam quos voluptatem.
1350,1021,44,2,Perspiciatis fugiat quod provident cum.
1351,1579,723,5,Labore libero deserunt commodi ullam molestiae reprehenderit non.
1352,140,207,2,Accusantium natus cupiditate atque autem fugit aliquam saepe.
1353,2263,550,3,Distinctio temporibus quasi quis eum.
1354,2311,938,5,Officia nihil iste vel.
1355,675,620,4,Perspiciatis aliquid eveniet nostrum iste eveniet optio iusto.
1356,1216,514,5,Tenetur voluptatibus harum saepe molestiae.
1357,1374,977,2,Repellat ratione impedit ad animi quibusdam id.
1358,2265,654,3,Aliquid provident cupiditate amet.
1359,1379,647,4,Eaque cupiditate sint dolor.
1360,475,241,5,Vero libero ea quam veniam.
1361,2998,250,3,Voluptate facere natus fuga repellat suscipit.
1362,2441,619,5,Fuga ad necessitatibus minus.
1363,28,944,3,Dolorem hic doloremque consequatur aliquam.
1364,779,574,3,Iusto rerum doloremque harum architecto nihil ea.
1365,2617,426,1,Neque consectetur quia rerum.
1366,1716,800,3,Est tenetur voluptatem sit maiores dolor.
1367,95,969,3,Aliquid dolorem facilis ipsum voluptatum.
1368,2924,745,5,Vel sint ducimus.
1369,2205,156,1,Qui a inventore modi cum nihil.
1370,1726,11,5,Eaque architecto in quibusdam.
1371,1305,471,3,Illo quibusdam nisi mollitia architecto incidunt fugit.
1372,2434,808,5,Nostrum quia illum mollitia reiciendis quis.
1373,99,992,3,Incidunt blanditiis aperiam.
1374,498,615,5,Tempora quod quaerat magnam nemo fugiat.
1375,887,770,1,Repudiandae dolores suscipit.
1376,722,907,2,Aliquid magnam quasi sapiente architecto harum.
1377,654,856,1,Labore commodi blanditiis natus excepturi error sint.
1378,1342,412,1,Dolore fugit earum sit veritatis repudiandae tempore magnam.
1379,709,370,5,Quod fuga odit tenetur earum distinctio quasi.
1380,1357,669,4,Praesentium sapiente minus assumenda beatae.
1381,1603,123,4,Deserunt dicta perspiciatis ratione explicabo architecto.
1382,1195,344,5,Quidem odit in temporibus corporis veniam incidunt aliquid.
1383,2408,379,5,Sint nostrum quo quia rerum nisi.
1384,2128,396,5,Consectetur aspernatur illo repellendus atque tempora blanditiis est.
1385,707,196,2,Nemo delectus rem impedit blanditiis similique inventore.
1386,2061,470,2,Iure ex recusandae sequi alias.
1387,1391,403,3,Tempore itaque aspernatur illo iste.
1388,789,751,2,Tenetur totam voluptatum non eaque ipsum occaecati.
1389,2116,164,3,Numquam iste saepe quae dignissimos.
1390,762,509,4,Sapiente alias similique inventore.
1391,1831,357,5,Repudiandae exercitationem quos unde.
1392,1412,980,2,At velit fugiat distinctio minus.
1393,1423,862,2,Excepturi alias sint amet cum omnis.
1394,1865,289,2,Molestias facere quo laudantium maxime unde dolorem.
1395,933,4,5,Dolorum quo officia.
1396,2424,267,5,Voluptatem corrupti deserunt pariatur beatae eius unde.
1397,2180,486,3,Maxime repellat adipisci.
1398,424,814,5,Delectus id eum nisi ipsam rem nulla.
1399,2443,304,4,Libero odio ut pariatur hic sequi nam.
1400,1000,610,5,Maxime autem inventore et quibusdam minima illum praesentium.
1401,572,976,1,Cupiditate ut occaecati nostrum itaque id.
1402,1772,489,3,Consequuntur tempore similique dignissimos ipsam earum quibusdam molestias.
1403,225,733,5,Libero culpa excepturi eligendi reprehenderit possimus.
1404,2329,418,1,Nam quod recusandae quibusdam alias odit quae.
1405,2598,924,1,Tempore dolore voluptates libero corporis nemo nam.
1406,549,674,3,Inventore beatae reprehenderit cupiditate dolorum recusandae.
1407,1968,864,3,Nostrum asperiores facilis voluptatibus laboriosam sint omnis.
1408,1641,192,4,Mollitia accusamus amet fuga ab.
1409,1028,412,4,Assumenda labore atque.
1410,1463,869,2,Sequi molestiae repellat labore sed dolorum totam.
1411,1099,48,3,Quia maiores minus consequuntur tempore neque iure quam.
1412,224,163,5,Sapiente sapiente itaque.
1413,2333,268,1,Illum soluta soluta sed porro.
1414,32,388,4,Culpa dignissimos totam ducimus eos accusantium tempore vero.
1415,2107,656,1,Deleniti perferendis praesentium facere.
1416,1054,636,5,Odio optio saepe id autem quo nostrum.
1417,242,821,5,Mollitia magnam quas odit est excepturi.
1418,1126,835,3,Ipsum nostrum dolorum quibusdam.
1419,2801,31,3,Sapiente eaque animi pariatur quia velit tenetur.
1420,97,726,1,Quae doloremque ad iusto explicabo ab.
1421,732,338,1,Soluta quidem dolores rem voluptates.
1422,2553,397,4,Et fugiat provident perspiciatis quo.
1423,449,885,4,Dolorum eligendi veniam molestiae.
1424,2127,150,3,Voluptatem dignissimos vero minima quos quos veritatis hic.
1425,2994,714,4,Saepe voluptatum nobis reprehenderit.
1426,1670,901,4,Officiis commodi soluta eligendi.
1427,2583,505,4,Veritatis optio ipsa sapiente.
1428,2075,977,2,Blanditiis sit libero qui deserunt explicabo.
1429,681,970,1,Beatae magnam magni sit amet aut veritatis.
1430,707,698,4,Assumenda alias adipisci odit unde fugiat libero.
1431,555,650,5,Neque deserunt fugit facere ex necessitatibus.
1432,2200,700,1,At provident nesciunt ratione ut ex est.
1433,2062,348,3,Asperiores qui eaque in qui voluptatem.
1434,2904,116,5,Esse assumenda minus repudiandae ratione dicta nesciunt.
1435,85,173,3,Mollitia quaerat laborum alias delectus.
1436,1896,156,3,Modi quae numquam harum debitis asperiores exercitationem.
1437,2841,972,5,Rerum labore quaerat ut mollitia quam id.
1438,2350,683,2,Autem distinctio quod rerum distinctio.
1439,559,140,2,Necessitatibus odio illo assumenda eligendi omnis voluptas.
1440,1425,39,1,Dolore ut corporis nihil.
1441,845,292,5,Optio repellat magni nihil modi nemo.
1442,2386,12,2,Laborum voluptate maxime illum magnam eaque soluta.
1443,390,470,1,Nemo asperiores necessitatibus velit libero tenetur.
1444,150,973,4,Odio laudantium ipsam qui.
1445,2689,292,2,Nam repellat unde odio eaque porro.
1446,460,836,3,Officiis iusto quidem voluptatum minus necessitatibus.
1447,1053,210,1,Fugit at enim similique accusamus.
1448,705,665,4,In dolore repellat maiores est.
1449,2555,865,1,Necessitatibus corrupti quaerat sequi eum incidunt reprehenderit.
1450,980,9,2,Consectetur temporibus at corrupti.
1451,79,589,4,Quae earum animi dicta.
1452,2427,886,1,Officiis nisi illum.
1453,1570,828,3,Magnam reiciendis fugiat.
1454,2823,943,3,Inventore dignissimos dolorum a esse pariatur tenetur labore.
1455,312,796,2,Sint quasi possimus cumque.
1456,2822,252,5,Velit nesciunt molestias expedita illum in.
1457,561,438,4,Quaerat quos assumenda consectetur.
1458,2151,614,2,Cumque illum cumque fuga.
1459,748,898,3,Consectetur iste aliquam accusamus quod.
1460,1436,91,2,Earum voluptate veritatis perspiciatis odit nihil.
1461,1285,459,5,Odio atque deserunt rem error non.
1462,2668,262,5,Ipsam architecto cumque soluta repudiandae fugiat quisquam.
1463,2501,424,5,Reprehenderit blanditiis ad totam aperiam dolore vel.
1464,2047,437,4,Fugiat officia corporis praesentium.
1465,2158,624,4,Eum qui minus et in consequatur error optio.
1466,502,798,2,In quia voluptate officia magni odio nesciunt cumque.
1467,2682,836,5,Cupiditate repellendus saepe praesentium voluptatibus perferendis.
1468,1962,237,4,Repellat eos aspernatur esse.
1469,1621,49,5,Repellendus placeat cupiditate vitae est quis tenetur.
1470,2967,170,4,Assumenda vitae aliquid facilis.
1471,168,117,5,Voluptas aliquam veniam laudantium impedit omnis laudantium temporibus.
1472,1394,601,2,Veniam commodi rem neque nostrum.
1473,1057,367,3,Neque impedit ducimus autem voluptate.
1474,1081,708,4,Dignissimos nesciunt harum ipsam.
1475,70,391,1,Soluta cupiditate nihil.
1476,2878,970,1,Autem et modi aliquam corporis iusto.
1477,132,869,1,Dolore asperiores voluptate error non deleniti.
1478,577,70,3,Atque repellat corrupti magnam laudantium incidunt amet.
1479,417,119,5,Nostrum eum quidem delectus adipisci earum.
1480,2077,79,5,Possimus rem necessitatibus cupiditate voluptates incidunt.
1481,1314,538,3,Quod voluptatibus iure corrupti maxime.
1482,2222,591,1,Occaecati maiores voluptates nesciunt quas.
1483,920,331,1,Tempora deserunt nobis doloremque nam.
1484,2966,137,5,Enim asperiores at itaque.
1485,630,817,1,Voluptates minima necessitatibus dolor voluptate animi tenetur autem.
1486,1166,850,5,Suscipit at quos magnam ullam eius.
1487,786,379,5,Excepturi quasi architecto aut.
1488,1453,50,4,Fugit dolores maiores quisquam tempore hic.
1489,2566,372,2,Repudiandae unde eius tenetur.
1490,689,900,2,Sapiente similique nihil eligendi corporis nostrum fugit.
1491,1153,627,3,Sapiente maxime modi quos atque.
1492,285,144,5,Facere unde nostrum officia reiciendis veritatis.
1493,1723,141,3,Provident perspiciatis aliquid illum minus placeat et.
1494,2081,815,3,Optio ipsam soluta laudantium.
1495,235,22,3,Odit alias eveniet ullam sapiente hic rem.
1496,252,385,2,Corporis itaque amet at occaecati quae.
1497,1462,639,2,Dolore numquam unde quam ipsam culpa eos.
1498,2741,633,3,Alias esse cumque nesciunt eum perspiciatis.
1499,2101,484,2,Harum placeat repellat esse eos voluptatibus.
1500,2224,586,2,Consequuntur beatae libero quasi dolorem eos dolor quos.
