id,nome
1,Nihil
2,Ullam
3,Culpa
4,Voluptate
5,Aliquid
6,Sunt
7,Nostrum
8,Tempora
9,Repellat
10,Maxime
11,Suscipit
12,Earum
13,Fuga
14,Saepe
15,Beatae
16,Porro
17,Pariatur
18,Voluptates
19,Esse
20,Atque
21,Commodi
22,Assumenda
23,Perspiciatis
24,Rem
25,Nesciunt
26,Assumenda
27,Assumenda
28,Totam
29,Molestias
30,Veritatis
31,Numquam
32,Natus
33,Beatae
34,Doloribus
35,Fugiat
36,Iusto
37,Mollitia
38,Alias
39,Omnis
40,Inventore
41,Quis
42,Culpa
43,Quidem
44,Tempora
45,Vitae
46,Fugit
47,Dignissimos
48,Ducimus
49,Earum
50,Illo
51,Labore
52,Eligendi
53,Sunt
54,Quas
55,Et
56,Iusto
57,Magni
58,Recusandae
59,At
60,Architecto
61,Quam
62,Eum
63,Eveniet
64,Nisi
65,Omnis
66,Quidem
67,Corrupti
68,Ex
69,Laboriosam
70,Distinctio
71,Veniam
72,Totam
73,Fugiat
74,Modi
75,Dolor
76,Laboriosam
77,Numquam
78,Magni
79,Quia
80,Quibusdam
81,Odio
82,Enim
83,Excepturi
84,Mollitia
85,Explicabo
86,Amet
87,Iure
88,Rerum
89,Inventore
90,Odit
91,Suscipit
92,Totam
93,Quod
94,At
95,Earum
96,Debitis
97,Hic
98,Facere
99,Nulla
100,Id
